INSERT INTO User(userId, name, username, email, password, reputation, type) VALUES (1, 'Geraldine Ellis', 'geraldineellis', 'geraldineellis@example.com', 'p@ssword123', 100, 'client');
INSERT INTO User(userId, name, username, email, password, reputation, type) VALUES (2, 'Liam Crawford', 'liamcrawford', 'liamcrawford@example.com', 'password123', 50, 'client');
INSERT INTO User(userId, name, username, email, password, reputation, type) VALUES (3, 'Avery Green', 'averygreen', 'averygreen@example.com', 'p@ssw0rd', 75, 'client');
INSERT INTO User(userId, name, username, email, password, reputation, type) VALUES (4, 'Emma Williams', 'emmawilliams', 'emmawilliams@example.com', 'w1ll1ams', 90, 'client');
INSERT INTO User(userId, name, username, email, password, reputation, type) VALUES (5, 'Gabriel Brown', 'gabrielbrown', 'gabrielbrown@example.com', 'Br0wnGab!', 60, 'client');
INSERT INTO User(userId, name, username, email, password, reputation, type) VALUES (6, 'Sofia Young', 'sofiayoung', 'sofiayoung@example.com', 'youngS0f1a', 85, 'client');
INSERT INTO User(userId, name, username, email, password, reputation, type) VALUES (7, 'William Edwards', 'williamedwards', 'williamedwards@example.com', 'edwardsWill', 70, 'client');
INSERT INTO User(userId, name, username, email, password, reputation, type) VALUES (8, 'Chloe Rodriguez', 'chloerodriguez', 'chloerodriguez@example.com', 'r0dr1gu3z', 95, 'client');
INSERT INTO User(userId, name, username, email, password, reputation, type) VALUES (9, 'Alexander Baker', 'alexanderbaker', 'alexanderbaker@example.com', 'bakerAlex', 80, 'client');
INSERT INTO User(userId, name, username, email, password, reputation, type) VALUES (10, 'Mia Mitchell', 'miamitchell', 'miamitchell@example.com', 'M!tch3ll', 55, 'client');
INSERT INTO User(userId, name, username, email, password, reputation, type) VALUES (11, 'Henry Davis', 'henrydavis', 'henrydavis@example.com', 'DaV1sH3nry', 100, 'client');
INSERT INTO User(userId, name, username, email, password, reputation, type) VALUES (12, 'Evelyn Lee', 'evelynlee', 'evelynlee@example.com', 'L33Evelyn', 50, 'client');
INSERT INTO User(userId, name, username, email, password, reputation, type) VALUES (13, 'Nicholas Campbell', 'nicholascampbell', 'nicholascampbell@example.com', 'C@mpb3llN1c', 75, 'client');
INSERT INTO User(userId, name, username, email, password, reputation, type) VALUES (14, 'Aria Scott', 'ariascott', 'ariascott@example.com', 'scottAr1a!', 90, 'client');
INSERT INTO User(userId, name, username, email, password, reputation, type) VALUES (15, 'Jacob Johnson', 'jacobjohnson', 'jacobjohnson@example.com', 'johnsonJacob', 60, 'client');
INSERT INTO User(userId, name, username, email, password, reputation, type) VALUES (16, 'Lily White', 'lilywhite', 'lilywhite@example.com', 'Wh1teL1ly', 85, 'client');
INSERT INTO User(userId, name, username, email, password, reputation, type) VALUES (17, 'Ethan Adams', 'ethanadams', 'ethanadams@example.com', 'Adam5Ethan', 70, 'client');
INSERT INTO User(userId, name, username, email, password, reputation, type) VALUES (18, 'Isabella Martin', 'isabellamartin', 'isabellamartin@example.com', 'M@rtin1sa', 95, 'client');
INSERT INTO User(userId, name, username, email, password, reputation, type) VALUES (19, 'James Brown', 'jamesbrown', 'jamesbrown@example.com', 'Br0wnJam3s', 80, 'client');
INSERT INTO User(userId, name, username, email, password, reputation, type) VALUES (20, 'Avery Taylor', 'averytaylor', 'averytaylor@example.com', 'taylorAv3ry', 55, 'client');
INSERT INTO User(userId, name, username, email, password, reputation, type) VALUES (21, "Emma Rodriguez", "emmar", "emmar@email.com", "password123", 90, "client");
INSERT INTO User(userId, name, username, email, password, reputation, type) VALUES (22, "William Garcia", "williamg", "williamg@email.com", "password123", 65, "client");
INSERT INTO User(userId, name, username, email, password, reputation, type) VALUES (23, "Madison Martinez", "madisonm", "madisonm@email.com", "password123", 80, "client");
INSERT INTO User(userId, name, username, email, password, reputation, type) VALUES (24, "James Hernandez", "jamesh", "jamesh@email.com", "password123", 110, "client");
INSERT INTO User(userId, name, username, email, password, reputation, type) VALUES (25, "Mason Moore", "masonm", "masonm@email.com", "password123", 95, "client");
INSERT INTO User(userId, name, username, email, password, reputation, type) VALUES (26, "Avery Lee", "averyl", "averyl@email.com", "password123", 70, "client");
INSERT INTO User(userId, name, username, email, password, reputation, type) VALUES (27, "Evelyn Clark", "evelync", "evelync@email.com", "password123", 85, "client");
INSERT INTO User(userId, name, username, email, password, reputation, type) VALUES (28, "Elijah Perez", "elijahp", "elijahp@email.com", "password123", 105, "client");
INSERT INTO User(userId, name, username, email, password, reputation, type) VALUES (29, "Lillian Young", "lilliany", "lilliany@email.com", "password123", 125, "client");
INSERT INTO User(userId, name, username, email, password, reputation, type) VALUES (30, "Logan Allen", "logana", "logana@email.com", "password123", 55, "client");
INSERT INTO User(userId, name, username, email, password, reputation, type) VALUES (31, "Aria Wright", "ariaw", "ariaw@email.com", "password123", 95, "client");
INSERT INTO User(userId, name, username, email, password, reputation, type) VALUES (32, "Caleb King", "calebk", "calebk@email.com", "password123", 75, "client");
INSERT INTO User(userId, name, username, email, password, reputation, type) VALUES (33, "Abigail Scott", "abigails", "abigails@email.com", "password123", 110, "client");
INSERT INTO User(userId, name, username, email, password, reputation, type) VALUES (34, "Owen Green", "oweng", "oweng@email.com", "password123", 60, "client");
INSERT INTO User(userId, name, username, email, password, reputation, type) VALUES (35, "Amelia Baker", "ameliab", "ameliab@email.com", "password123", 80, "client");
INSERT INTO User(userId, name, username, email, password, reputation, type) VALUES (36, "Luke Adams", "lukea", "lukea@email.com", "password123", 100, "client");
INSERT INTO User(userId, name, username, email, password, reputation, type) VALUES (37, "Harper Nelson", "harpern", "harpern@email.com", "password123", 90, "client");
INSERT INTO User(userId, name, username, email, password, reputation, type) VALUES (38, "Levi Carter", "levic", "levic@email.com", "password123", 85, "client");
INSERT INTO User(userId, name, username, email, password, reputation, type) VALUES (39, "Emily Mitchell", "emilym", "emilym@email.com", "password123", 115, "client");
INSERT INTO User(userId, name, username, email, password, reputation, type) VALUES (40, "Carter Perez", "carterp", "carterp@email.com", "password123", 65, "client");
INSERT INTO User(userId, name, username, email, password, reputation, type) VALUES (41, "Samantha Lee", "samanthalee", "samanthalee@email.com", "password123", 100, "client");
INSERT INTO User(userId, name, username, email, password, reputation, type) VALUES (42, "David Chen", "davidchen", "davidchen@email.com", "password123", 100, "client");
INSERT INTO User(userId, name, username, email, password, reputation, type) VALUES (43, "Maria Rodriguez", "mariarodriguez", "mariarodriguez@email.com", "password123", 100, "client");
INSERT INTO User(userId, name, username, email, password, reputation, type) VALUES (44, "Mohammed Ali", "mohammedali", "mohammedali@email.com", "password123", 100, "client");
INSERT INTO User(userId, name, username, email, password, reputation, type) VALUES (45, "Julia Wang", "juliawang", "juliawang@email.com", "password123", 100, "client");
INSERT INTO User(userId, name, username, email, password, reputation, type) VALUES (46, "Sophia Kim", "sophiakim", "sophiakim@email.com", "password123", 100, "client");
INSERT INTO User(userId, name, username, email, password, reputation, type) VALUES (47, "William Davis", "williamdavis", "williamdavis@email.com", "password123", 100, "client");
INSERT INTO User(userId, name, username, email, password, reputation, type) VALUES (48, "Gabriel Martinez", "gabrielmartinez", "gabrielmartinez@email.com", "password123", 100, "client");
INSERT INTO User(userId, name, username, email, password, reputation, type) VALUES (49, "Emma Johnson", "emmajohnson", "emmajohnson@email.com", "password123", 100, "client");
INSERT INTO User(userId, name, username, email, password, reputation, type) VALUES (50, "Alexander Brown", "alexanderbrown", "alexanderbrown@email.com", "password123", 100, "client");
INSERT INTO User(userId, name, username, email, password, reputation, type) VALUES (51, "Sophie Anderson", "sophieanderson", "sophieanderson@email.com", "password123", 100, "client");
INSERT INTO User(userId, name, username, email, password, reputation, type) VALUES (52, "Hiroshi Nakamura", "hiroshinakamura", "hiroshinakamura@email.com", "password123", 100, "client");
INSERT INTO User(userId, name, username, email, password, reputation, type) VALUES (53, "Laura Garcia", "lauragarcia", "lauragarcia@email.com", "password123", 100, "client");
INSERT INTO User(userId, name, username, email, password, reputation, type) VALUES (54, "Jacob Kim", "jacobkim", "jacobkim@email.com", "password123", 100, "client");
INSERT INTO User(userId, name, username, email, password, reputation, type) VALUES (55, "Mia Davis", "miadavis", "miadavis@email.com", "password123", 100, "client");
INSERT INTO User(userId, name, username, email, password, reputation, type) VALUES (56, "Ethan Nguyen", "ethannguyen", "ethannguyen@email.com", "password123", 100, "client");
INSERT INTO User(userId, name, username, email, password, reputation, type) VALUES (57, "Lily Chen", "lilychen", "lilychen@email.com", "password123", 100, "client");
INSERT INTO User(userId, name, username, email, password, reputation, type) VALUES (58, "Lucas Perez", "lucasperez", "lucasperez@email.com", "password123", 100, "client");
INSERT INTO User(userId, name, username, email, password, reputation, type) VALUES (59, "Ava Wilson", "avawilson", "avawilson@email.com", "password123", 100, "client");
INSERT INTO User(userId, name, username, email, password, reputation, type) VALUES (60, "Nathan Kim", "nathankim", "nathankim@email.com", "password123", 100, "client");
INSERT INTO User(userId, name, username, email, password, reputation, type) VALUES (61, "Ella Hernandez", "ellahernandez", "ellahernandez@email.com", "password123", 50, "client");
INSERT INTO User(userId, name, username, email, password, reputation, type) VALUES (62, "Sebastian Kim", "sebastiankim", "sebastiankim@email.com", "password123", 100, "client");
INSERT INTO User(userId, name, username, email, password, reputation, type) VALUES (63, "Aaliyah Lee", "aaliyahlee", "aaliyahlee@email.com", "password123", 75, "client");
INSERT INTO User(userId, name, username, email, password, reputation, type) VALUES (64, "Maxwell Young", "maxwellyoung", "maxwellyoung@email.com", "password123", 25, "client");
INSERT INTO User(userId, name, username, email, password, reputation, type) VALUES (65, "Hazel Turner", "hazelturner", "hazelturner@email.com", "password123", 50, "client");
INSERT INTO User(userId, name, username, email, password, reputation, type) VALUES (66, "Miles Mitchell", "milesmitchell", "milesmitchell@email.com", "password123", 100, "client");
INSERT INTO User(userId, name, username, email, password, reputation, type) VALUES (67, "Aria Scott", "ariascott", "ariascott@email.com", "password123", 75, "client");
INSERT INTO User(userId, name, username, email, password, reputation, type) VALUES (68, "Samantha Allen", "samanthaallen", "samanthaallen@email.com", "password123", 25, "client");
INSERT INTO User(userId, name, username, email, password, reputation, type) VALUES (69, "Landon Green", "landongreen", "landongreen@email.com", "password123", 50, "client");
INSERT INTO User(userId, name, username, email, password, reputation, type) VALUES (70, "Nora Baker", "norabaker", "norabaker@email.com", "password123", 100, "client");

INSERT INTO User(userId, name, username, email, password, reputation, type) VALUES (71, "Adam Clark", "adamclark", "adamclark@email.com", "password123", 100, "agent");
INSERT INTO User(userId, name, username, email, password, reputation, type) VALUES (72, "Emily Rodriguez", "emilyrodriguez", "emilyrodriguez@email.com", "password123", 75, "agent");
INSERT INTO User(userId, name, username, email, password, reputation, type) VALUES (73, "Benjamin Davis", "benjamindavis", "benjamindavis@email.com", "password123", 25, "agent");
INSERT INTO User(userId, name, username, email, password, reputation, type) VALUES (74, "Olivia Lee", "olivialeee", "olivialeee@email.com", "password123", 50, "agent");
INSERT INTO User(userId, name, username, email, password, reputation, type) VALUES (75, "Henry Martinez", "henrymartinez", "henrymartinez@email.com", "password123", 100, "agent");
INSERT INTO User(userId, name, username, email, password, reputation, type) VALUES (76, "Sophia Hernandez", "sophiahernandez", "sophiahernandez@email.com", "password123", 75, "agent");
INSERT INTO User(userId, name, username, email, password, reputation, type) VALUES (77, "Michael Adams", "michaeladams", "michaeladams@email.com", "password123", 25, "agent");
INSERT INTO User(userId, name, username, email, password, reputation, type) VALUES (78, "Isabella Lewis", "isabellalewis", "isabellalewis@email.com", "password123", 50, "agent");
INSERT INTO User(userId, name, username, email, password, reputation, type) VALUES (79, "William Jackson", "williamjackson", "williamjackson@email.com", "password123", 100, "agent");
INSERT INTO User(userId, name, username, email, password, reputation, type) VALUES (80, "Mia Garcia", "miagarcia", "miagarcia@email.com", "password123", 75, "agent");
INSERT INTO User(userId, name, username, email, password, reputation, type) VALUES (81, "Alexander Nelson", "alexandernelson", "alexandernelson@email.com", "password123", 25, "agent");
INSERT INTO User(userId, name, username, email, password, reputation, type) VALUES (82, "Abigail White", "abigailwhite", "abigailwhite@email.com", "password123", 50, "agent");
INSERT INTO User(userId, name, username, email, password, reputation, type) VALUES (83, "David Gonzalez", "davidgonzalez", "davidgonzalez@email.com", "password123", 100, "agent");
INSERT INTO User(userId, name, username, email, password, reputation, type) VALUES (84, "Victoria Turner", "victoriaturner", "victoriaturner@email.com", "password123", 75, "agent");
INSERT INTO User(userId, name, username, email, password, reputation, type) VALUES (85, "Christopher Parker", "christopherparker", "christopherparker@email.com", "password123", 25, "agent");
INSERT INTO User(userId, name, username, email, password, reputation, type) VALUES (86, "Elizabeth Perez", "elizabethperez", "elizabethperez@email.com", "password123", 50, "agent");
INSERT INTO User(userId, name, username, email, password, reputation, type) VALUES (87, "Daniel Taylor", "danieltaylor", "danieltaylor@email.com", "password123", 100, "agent");
INSERT INTO User(userId, name, username, email, password, reputation, type) VALUES (88, "Evelyn Collins", "evelyncollins", "evelyncollins@email.com", "password123", 75, "agent");
INSERT INTO User(userId, name, username, email, password, reputation, type) VALUES (89, "Matthew Hernandez", "matthewhernandez", "matthewhernandez@email.com", "password123", 25, "agent");
INSERT INTO User(userId, name, username, email, password, reputation, type) VALUES (90, "Sofia Adams", "sofiaadams", "sofiaadams@email.com", "password123", 50, "agent");

INSERT INTO User(userId, name, username, email, password, reputation, type) VALUES (91, "Ethan Cooper", "ethancooper", "ethancooper@email.com", "adminpassword", 100, "admin");
INSERT INTO User(userId, name, username, email, password, reputation, type) VALUES (92, "Avery Jackson", "averyjackson", "averyjackson@email.com", "adminpassword", 120, "admin");
INSERT INTO User(userId, name, username, email, password, reputation, type) VALUES (93, "Evelyn Hill", "evelynhill", "evelynhill@email.com", "adminpassword", 80, "admin");
INSERT INTO User(userId, name, username, email, password, reputation, type) VALUES (94, "Aiden Parker", "aidenparker", "aidenparker@email.com", "adminpassword", 90, "admin");
INSERT INTO User(userId, name, username, email, password, reputation, type) VALUES (95, "Madison Adams", "madisonadams", "madisonadams@email.com", "adminpassword", 110, "admin");
INSERT INTO User(userId, name, username, email, password, reputation, type) VALUES (96, "Oliver Wright", "oliverwright", "oliverwright@email.com", "adminpassword", 150, "admin");
INSERT INTO User(userId, name, username, email, password, reputation, type) VALUES (97, "Brooklyn Lewis", "brooklynlewis", "brooklynlewis@email.com", "adminpassword", 140, "admin");
INSERT INTO User(userId, name, username, email, password, reputation, type) VALUES (98, "Jacob Green", "jacobgreen", "jacobgreen@email.com", "adminpassword", 99, "admin");
INSERT INTO User(userId, name, username, email, password, reputation, type) VALUES (99, "Chloe Hall", "chloehall", "chloehall@email.com", "adminpassword", 99, "admin");
INSERT INTO User(userId, name, username, email, password, reputation, type) VALUES (100, "Mia Davis", "miadavis", "miadavis@email.com", "adminpassword", 100, "admin");

INSERT INTO Department(category) VALUES ('Technical support');
INSERT INTO Department(category) VALUES ('Gameplay issues');
INSERT INTO Department(category) VALUES ('Account and billing');
INSERT INTO Department(category) VALUES ('Community management');
INSERT INTO Department(category) VALUES ('Esports and tournaments');
INSERT INTO Department(category) VALUES ('Game development');
INSERT INTO Department(category) VALUES ('Game design');
INSERT INTO Department(category) VALUES ('Marketing and promotions');

INSERT INTO Priority(priority) VALUES ('critical');
INSERT INTO Priority(priority) VALUES ('high');
INSERT INTO Priority(priority) VALUES ('medium');
INSERT INTO Priority(priority) VALUES ('low');

INSERT INTO Status(status) VALUES ('new');
INSERT INTO Status(status) VALUES ('open');
INSERT INTO Status(status) VALUES ('solved');
INSERT INTO Status(status) VALUES ('closed');

INSERT INTO AgentDepartment (agent, department) VALUES (71, 'Technical support');
INSERT INTO AgentDepartment (agent, department) VALUES (72, 'Technical support');
INSERT INTO AgentDepartment (agent, department) VALUES (73, 'Technical support');
INSERT INTO AgentDepartment (agent, department) VALUES (74, 'Technical support');
INSERT INTO AgentDepartment (agent, department) VALUES (75, 'Technical support');
INSERT INTO AgentDepartment (agent, department) VALUES (93, 'Technical support');
INSERT INTO AgentDepartment (agent, department) VALUES (76, 'Gameplay issues');
INSERT INTO AgentDepartment (agent, department) VALUES (77, 'Gameplay issues');
INSERT INTO AgentDepartment (agent, department) VALUES (78, 'Gameplay issues');
INSERT INTO AgentDepartment (agent, department) VALUES (79, 'Gameplay issues');
INSERT INTO AgentDepartment (agent, department) VALUES (80, 'Gameplay issues');
INSERT INTO AgentDepartment (agent, department) VALUES (94, 'Gameplay issues');
INSERT INTO AgentDepartment (agent, department) VALUES (81, 'Account and billing');
INSERT INTO AgentDepartment (agent, department) VALUES (82, 'Account and billing');
INSERT INTO AgentDepartment (agent, department) VALUES (83, 'Account and billing');
INSERT INTO AgentDepartment (agent, department) VALUES (84, 'Account and billing');
INSERT INTO AgentDepartment (agent, department) VALUES (85, 'Account and billing');
INSERT INTO AgentDepartment (agent, department) VALUES (95, 'Account and billing');
INSERT INTO AgentDepartment (agent, department) VALUES (86, 'Community management');
INSERT INTO AgentDepartment (agent, department) VALUES (87, 'Community management');
INSERT INTO AgentDepartment (agent, department) VALUES (88, 'Community management');
INSERT INTO AgentDepartment (agent, department) VALUES (89, 'Community management');
INSERT INTO AgentDepartment (agent, department) VALUES (90, 'Community management');
INSERT INTO AgentDepartment (agent, department) VALUES (96, 'Community management');
INSERT INTO AgentDepartment (agent, department) VALUES (71, 'Esports and tournaments');
INSERT INTO AgentDepartment (agent, department) VALUES (75, 'Esports and tournaments');
INSERT INTO AgentDepartment (agent, department) VALUES (79, 'Esports and tournaments');
INSERT INTO AgentDepartment (agent, department) VALUES (83, 'Esports and tournaments');
INSERT INTO AgentDepartment (agent, department) VALUES (87, 'Esports and tournaments');
INSERT INTO AgentDepartment (agent, department) VALUES (97, 'Esports and tournaments');
INSERT INTO AgentDepartment (agent, department) VALUES (72, 'Game development');
INSERT INTO AgentDepartment (agent, department) VALUES (76, 'Game development');
INSERT INTO AgentDepartment (agent, department) VALUES (80, 'Game development');
INSERT INTO AgentDepartment (agent, department) VALUES (84, 'Game development');
INSERT INTO AgentDepartment (agent, department) VALUES (88, 'Game development');
INSERT INTO AgentDepartment (agent, department) VALUES (98, 'Game development');
INSERT INTO AgentDepartment (agent, department) VALUES (73, 'Game design');
INSERT INTO AgentDepartment (agent, department) VALUES (77, 'Game design');
INSERT INTO AgentDepartment (agent, department) VALUES (81, 'Game design');
INSERT INTO AgentDepartment (agent, department) VALUES (85, 'Game design');
INSERT INTO AgentDepartment (agent, department) VALUES (89, 'Game design');
INSERT INTO AgentDepartment (agent, department) VALUES (99, 'Game design');
INSERT INTO AgentDepartment (agent, department) VALUES (74, 'Marketing and promotions');
INSERT INTO AgentDepartment (agent, department) VALUES (78, 'Marketing and promotions');
INSERT INTO AgentDepartment (agent, department) VALUES (82, 'Marketing and promotions');
INSERT INTO AgentDepartment (agent, department) VALUES (86, 'Marketing and promotions');
INSERT INTO AgentDepartment (agent, department) VALUES (90, 'Marketing and promotions');
INSERT INTO AgentDepartment (agent, department) VALUES (100, 'Marketing and promotions');

INSERT INTO Ticket (id, title, text, createDate, visibility, priority, status, category, frequentItem, creator, replier) VALUES (1, 'Pokemon GO connection issue', 'I cannot connect to the Pokemon GO servers. Is anyone else having this issue?', '2023-04-24', 'public', 'high', 'closed', 'Technical support', NULL, 1, 73);
INSERT INTO Ticket (id, title, text, createDate, visibility, priority, status, category, frequentItem, creator, replier) VALUES (2, 'CS:GO frame rate drop', 'My frame rate drops every time I enter a smoke grenade. How do I fix this?', '2023-04-22', 'public', 'high', 'solved', 'Technical support', NULL, 2, 71);
INSERT INTO Ticket (id, title, text, createDate, visibility, priority, status, category, frequentItem, creator, replier) VALUES (3, 'Overwatch server down', "I can't connect to the Overwatch servers. Is there a problem with them?", '2023-04-14', 'public', 'critical', 'solved', 'Technical support', NULL, 3, 74);
INSERT INTO Ticket (id, title, text, createDate, visibility, priority, status, category, frequentItem, creator, replier) VALUES (4, 'Valorant server lag', "I'm experiencing a lot of lag while playing Valorant. Is there something wrong with the servers?", '2023-04-16', 'public', 'medium', 'open', 'Technical support', NULL, 4, 75);
INSERT INTO Ticket (id, title, text, createDate, visibility, priority, status, category, frequentItem, creator, replier) VALUES (5, 'Fortnite multiplayer problem', 'I keep getting disconnected from the Fortnite servers while playing with my friends. Can you help?', '2023-04-20', 'public', 'medium', 'open', 'Technical support', NULL, 5, 72);
INSERT INTO Ticket (id, title, text, createDate, visibility, priority, status, category, frequentItem, creator, replier) VALUES (6, 'Crash when starting game', 'Whenever I try to start the game, it crashes immediately. I have tried uninstalling and reinstalling, but the issue persists. Any suggestions?', '2022-03-10', 'public', 'high', 'open', 'Technical support', NULL, 6, 74);
INSERT INTO Ticket (id, title, text, createDate, visibility, priority, status, category, frequentItem, creator, replier) VALUES (7, 'Super Mario not loading', 'I am having trouble loading Super Mario on my Nintendo Switch. The game gets stuck on the loading screen and I cannot access the game. Can you help me?', '2022-01-01', 'public', 'high', 'open', 'Technical support', NULL, 7, 72);
INSERT INTO Ticket (id, title, text, createDate, visibility, priority, status, category, frequentItem, creator, replier) VALUES (8, 'Overwatch lagging', 'I am experiencing a lot of lag while playing Overwatch. This makes it difficult to aim and play the game. I have tried restarting my computer and internet, but it has not helped. Can you suggest a solution?', '2022-04-04', 'public', 'low', 'new', 'Technical support', NULL, 8, NULL);
INSERT INTO Ticket (id, title, text, createDate, visibility, priority, status, category, frequentItem, creator, replier) VALUES (9, 'Connection issues', 'I keep getting disconnected from the game servers while playing. This has been happening for a couple of days now and I am not sure what the problem is. Is there something wrong with the servers or is it an issue on my end?', '2022-02-19', 'public', 'medium', 'new', 'Technical support', NULL, 9, NULL);
INSERT INTO Ticket (id, title, text, createDate, visibility, priority, status, category, frequentItem, creator, replier) VALUES (10, 'Game client not launching', 'I am having an issue with the game client not launching. I have tried running it as administrator and reinstalling it, but it still won''t launch. What can I do to fix this issue?', '2022-02-18', 'public', 'high', 'new', 'Technical support', NULL, 10, NULL);

INSERT INTO Ticket (id, title, text, createDate, visibility, priority, status, category, frequentItem, creator, replier) VALUES (11, 'Super Mario Bros. level bug', 'In world 5-2, there is a glitch where Mario gets stuck in the wall. Please fix!', '2023-04-23', 'public', 'medium', 'closed', 'Gameplay issues', NULL, 11, 77);
INSERT INTO Ticket (id, title, text, createDate, visibility, priority, status, category, frequentItem, creator, replier) VALUES (12, 'Need help with game controls', 'I just started playing this game and I am having trouble with the controls. Is there a tutorial or guide that can help me learn how to play?', '2022-04-15', 'public', 'low', 'solved', 'Gameplay issues', NULL, 12, 80);
INSERT INTO Ticket (id, title, text, createDate, visibility, priority, status, category, frequentItem, creator, replier) VALUES (13, 'Overwatch character balance issue', 'I think some characters in Overwatch are overpowered and need to be balanced. Can you look into this?', '2023-04-19', 'public', 'medium', 'solved', 'Gameplay issues', NULL, 13, 79);
INSERT INTO Ticket (id, title, text, createDate, visibility, priority, status, category, frequentItem, creator, replier) VALUES (14, 'Unable to complete a quest', 'I am currently on the "Retrieve the Lost Artifact" quest, but I am unable to find the artifact. Can you provide some guidance?', '2023-04-25', 'public', 'low', 'open', 'Gameplay issues', NULL, 14, 79);
INSERT INTO Ticket (id, title, text, createDate, visibility, priority, status, category, frequentItem, creator, replier) VALUES (15, 'Pokemon Go gym bug', 'I am having an issue with the Pokemon Go gyms. Every time I try to challenge a gym, the game freezes and crashes. Is anyone else experiencing this issue?', '2022-03-02', 'public', 'high', 'open', 'Gameplay issues', NULL, 15, 77);
INSERT INTO Ticket (id, title, text, createDate, visibility, priority, status, category, frequentItem, creator, replier) VALUES (16, 'CS:GO matchmaking issue', 'I am having trouble finding a match in CS:GO. Whenever I search for a game, it takes forever and I cannot find any players. This has been happening for a while now. Can you help me?', '2022-02-02', 'public', 'medium', 'open', 'Gameplay issues', NULL, 16, 78);
INSERT INTO Ticket (id, title, text, createDate, visibility, priority, status, category, frequentItem, creator, replier) VALUES (17, 'Super Smash Bros. bug', 'I have found a bug in Super Smash Bros. Whenever I try to use Pikachu''s thunderbolt move, the game crashes. This happens every time I try to use the move. Can you fix it?', '2022-06-06', 'public', 'high', 'open', 'Gameplay issues', NULL, 17, 76);
INSERT INTO Ticket (id, title, text, createDate, visibility, priority, status, category, frequentItem, creator, replier) VALUES (18, 'Need help with a gameplay strategy', 'I am trying to complete a difficult level in the game, but I keep failing. Can someone give me some tips or a strategy that I can use to beat this level? Thanks!', '2022-04-20', 'public', 'low', 'new', 'Gameplay issues', NULL, 18, NULL);
INSERT INTO Ticket (id, title, text, createDate, visibility, priority, status, category, frequentItem, creator, replier) VALUES (19, 'League of Legends champion bug', 'I am having an issue with one of the champions in League of Legends. Whenever I try to use their ability, it doesn''t work and the game crashes. Has anyone else experienced this issue? How can I fix it?', '2022-03-05', 'public', 'high', 'new', 'Gameplay issues', NULL, 19, NULL);
INSERT INTO Ticket (id, title, text, createDate, visibility, priority, status, category, frequentItem, creator, replier) VALUES (20, 'Game of Thrones quest not working', 'I am unable to progress in the Game of Thrones game as one of the quests is not working properly. Whenever I try to complete the objective, the game crashes. Has anyone else experienced this issue? How can I fix it?', '2022-03-07', 'public', 'medium', 'new', 'Gameplay issues', NULL, 20, NULL);

INSERT INTO Ticket (id, title, text, createDate, visibility, priority, status, category, frequentItem, creator, replier) VALUES (21, 'League of Legends login issue', 'I cannot log in to League of Legends. It says my account is invalid, but I know my information is correct. Please help!', '2023-04-21', 'public', 'critical', 'closed', 'Account and billing', NULL, 21, 83);
INSERT INTO Ticket (id, title, text, createDate, visibility, priority, status, category, frequentItem, creator, replier) VALUES (22, 'Error purchasing in-game currency', 'I tried to purchase in-game currency, but the transaction failed and I was not credited with the currency. However, the payment was still charged to my account. Can you help me resolve this issue?', '2022-04-01', 'public', 'medium', 'solved', 'Account and billing', NULL, 22, 84);
INSERT INTO Ticket (id, title, text, createDate, visibility, priority, status, category, frequentItem, creator, replier) VALUES (23, 'Billing issue', 'I have been charged twice for my subscription to World of Warcraft. I only have one account and should only be charged once. Can you refund me for the extra charge?', '2022-03-03', 'private', 'high', 'solved', 'Account and billing', NULL, 23, 85);
INSERT INTO Ticket (id, title, text, createDate, visibility, priority, status, category, frequentItem, creator, replier) VALUES (24, 'Gamer tag change', 'I would like to change my gamer tag in Fortnite. How do I do that?', '2022-05-05', 'private', 'medium', 'open', 'Account and billing', NULL, 24, 82);
INSERT INTO Ticket (id, title, text, createDate, visibility, priority, status, category, frequentItem, creator, replier) VALUES (25, 'Payment not going through', "I tried to make a purchase in the game store but my payment isn't going through. What can I do?", '2023-04-18', 'public', 'high', 'open', 'Account and billing', NULL, 25, 81);
INSERT INTO Ticket (id, title, text, createDate, visibility, priority, status, category, frequentItem, creator, replier) VALUES (26, 'In-game item missing', "I purchased an in-game item but it's not showing up in my inventory. Can you help me?", '2023-04-15', 'public', 'high', 'open', 'Account and billing', NULL, 26, 84);
INSERT INTO Ticket (id, title, text, createDate, visibility, priority, status, category, frequentItem, creator, replier) VALUES (27, 'Subscription renewal error', 'I am having trouble renewing my subscription for World of Warcraft. Whenever I try to renew, I get an error message saying the payment could not be processed. Can someone help me with this issue?', '2023-04-27', 'public', 'high', 'open', 'Account and billing', NULL, 27, 82);
INSERT INTO Ticket (id, title, text, createDate, visibility, priority, status, category, frequentItem, creator, replier) VALUES (28, 'Cannot link payment method to account', 'I am trying to link my credit card to my account, but every time I try to do so, I get an error message saying that the payment method could not be added. What could be the issue here?', '2023-04-27', 'public', 'medium', 'new', 'Account and billing', NULL, 28, NULL);
INSERT INTO Ticket (id, title, text, createDate, visibility, priority, status, category, frequentItem, creator, replier) VALUES (29, 'Refund request for accidental purchase', 'I accidentally purchased a skin in Fortnite that I did not mean to buy. Is it possible to get a refund for this purchase?', '2023-04-27', 'public', 'low', 'new', 'Account and billing', NULL, 29, NULL);
INSERT INTO Ticket (id, title, text, createDate, visibility, priority, status, category, frequentItem, creator, replier) VALUES (30, 'Account suspension or ban', 'My account has been suspended/banned and I am not sure why. Can someone help me understand what has happened and what I can do to regain access to my account?', '2023-04-27', 'public', 'critical', 'new', 'Account and billing', NULL, 30, NULL);

INSERT INTO Ticket (id, title, text, createDate, visibility, priority, status, category, frequentItem, creator, replier) VALUES (31, 'Community event suggestion', "I have an idea for a community event that I think would be really fun. Can I suggest it to you?", '2023-04-13', 'public', 'low', 'closed', 'Community management', NULL, 31, 86);
INSERT INTO Ticket (id, title, text, createDate, visibility, priority, status, category, frequentItem, creator, replier) VALUES (32, 'Reporting a player for cheating', 'I was playing a game with another player, and I suspect that they were using hacks or cheats to gain an unfair advantage. Can you please investigate this and take appropriate action against the player?', '2022-05-10', 'private', 'high', 'solved', 'Community management', NULL, 32, 87);
INSERT INTO Ticket (id, title, text, createDate, visibility, priority, status, category, frequentItem, creator, replier) VALUES (33, 'Toxic player in chat', "There's a player in the chat who keeps using offensive language and making other players uncomfortable. Can you do something about this?", '2023-04-17', 'public', 'low', 'solved', 'Community management', NULL, 33, 88);
INSERT INTO Ticket (id, title, text, createDate, visibility, priority, status, category, frequentItem, creator, replier) VALUES (34, 'Missing rewards from game event', 'I participated in a game event and completed all the challenges, but I did not receive the rewards that were promised. Can you help me get the rewards I earned?', '2022-05-01', 'public', 'high', 'open', 'Community management', NULL, 34, 89);
INSERT INTO Ticket (id, title, text, createDate, visibility, priority, status, category, frequentItem, creator, replier) VALUES (35, 'Reporting inappropriate forum post', 'There is a forum post that contains inappropriate content and violates community guidelines. Please take action.', '2023-04-27', 'public', 'medium', 'open', 'Community management', NULL, 35, 90);
INSERT INTO Ticket (id, title, text, createDate, visibility, priority, status, category, frequentItem, creator, replier) VALUES (36, 'Abusive in-game chat behavior', 'I encountered a player who was verbally abusive and offensive in the in-game chat. Please take appropriate action.', '2023-04-27', 'public', 'high', 'open', 'Community management', NULL, 36, 86);
INSERT INTO Ticket (id, title, text, createDate, visibility, priority, status, category, frequentItem, creator, replier) VALUES (37, 'Request to remove inappropriate player username', 'There is a player with an inappropriate username that violates community guidelines. Please take action to remove their username.', '2023-04-27', 'public', 'low', 'open', 'Community management', NULL, 37, 87);
INSERT INTO Ticket (id, title, text, createDate, visibility, priority, status, category, frequentItem, creator, replier) VALUES (38, 'Community event feedback', 'I participated in a recent community event and would like to give feedback on the experience. Can someone please assist me with this?', '2023-04-27', 'public', 'medium', 'new', 'Community management', NULL, 38, NULL);
INSERT INTO Ticket (id, title, text, createDate, visibility, priority, status, category, frequentItem, creator, replier) VALUES (39, 'Inappropriate forum post', 'There is a post on the forums containing offensive language and inappropriate content. Please remove it as soon as possible.', '2022-01-10', 'public', 'high', 'new', 'Community management', NULL, 39, NULL);
INSERT INTO Ticket (id, title, text, createDate, visibility, priority, status, category, frequentItem, creator, replier) VALUES (40, 'Incorrect information on website', 'There is incorrect information on the website regarding a game release date. Please update it to reflect the correct date.', '2022-02-15', 'public', 'medium', 'new', 'Community management', NULL, 40, NULL);

INSERT INTO Ticket (id, title, text, createDate, visibility, priority, status, category, frequentItem, creator, replier) VALUES (41, 'Esports tournament registration issue', "I'm trying to register for an esports tournament but it's not letting me. What's going on?", '2023-04-12', 'public', 'medium', 'closed', 'Esports and tournaments', NULL, 41, 71);
INSERT INTO Ticket (id, title, text, createDate, visibility, priority, status, category, frequentItem, creator, replier) VALUES (42, 'Setting up team for tournament', 'I am trying to set up a team for the upcoming tournament but I am having trouble. Can someone please help me with this?', '2022-01-15', 'public', 'medium', 'solved', 'Esports and tournaments', NULL, 42, 75);
INSERT INTO Ticket (id, title, text, createDate, visibility, priority, status, category, frequentItem, creator, replier) VALUES (43, 'Unable to register for upcoming tournament', 'I''ve been trying to register for the upcoming CS:GO tournament but keep getting an error message. Can someone please help me out?', '2023-04-28', 'public', 'high', 'solved', 'Esports and tournaments', NULL, 43, 79);
INSERT INTO Ticket (id, title, text, createDate, visibility, priority, status, category, frequentItem, creator, replier) VALUES (44, 'Tournament scheduling conflict', 'I just realized that the esports tournament I signed up for is scheduled at the same time as another important event. Is there any way to change the schedule?', '2022-02-01', 'public', 'high', 'open', 'Esports and tournaments', NULL, 44, 83);
INSERT INTO Ticket (id, title, text, createDate, visibility, priority, status, category, frequentItem, creator, replier) VALUES (45, 'Rule clarification for tournament', 'I have a question about one of the rules for the upcoming esports tournament. Can someone please clarify it for me?', '2022-02-15', 'public', 'low', 'open', 'Esports and tournaments', NULL, 45, 87);
INSERT INTO Ticket (id, title, text, createDate, visibility, priority, status, category, frequentItem, creator, replier) VALUES (46, 'Discrepancy in tournament results', 'There seems to be a discrepancy in the results of the esports tournament I participated in. Can someone please look into this?', '2022-02-28', 'public', 'critical', 'open', 'Esports and tournaments', NULL, 46, 71);
INSERT INTO Ticket (id, title, text, createDate, visibility, priority, status, category, frequentItem, creator, replier) VALUES (47, 'Server issues during tournament', 'I experienced server issues during the esports tournament I participated in, and it affected my performance. Can someone please look into this?', '2022-03-10', 'public', 'high', 'open', 'Esports and tournaments', NULL, 47, 75);
INSERT INTO Ticket (id, title, text, createDate, visibility, priority, status, category, frequentItem, creator, replier) VALUES (48, 'Issue with prize distribution', 'I won the esports tournament but I have not received my prize yet. Can someone please look into this?', '2022-04-01', 'public', 'medium', 'new', 'Esports and tournaments', NULL, 48, NULL);
INSERT INTO Ticket (id, title, text, createDate, visibility, priority, status, category, frequentItem, creator, replier) VALUES (49, 'Team disqualification from tournament', 'Our team was disqualified from the esports tournament and we are not sure why. Can someone please provide more information?', '2022-04-15', 'public', 'high', 'new', 'Esports and tournaments', NULL, 49, NULL);
INSERT INTO Ticket (id, title, text, createDate, visibility, priority, status, category, frequentItem, creator, replier) VALUES (50, 'Streaming issues during tournament', 'There were streaming issues during the esports tournament and many viewers could not watch the games. Can someone please look into this?', '2022-05-01', 'public', 'medium', 'new', 'Esports and tournaments', NULL, 50, NULL);

INSERT INTO Ticket (id, title, text, createDate, visibility, priority, status, category, frequentItem, creator, replier) VALUES (51, 'Game crashes every time I try to load it', 'I have been trying to play the game for the past few days, but it keeps crashing every time I try to load it. I have already tried restarting my computer, updating my graphics card drivers, and reinstalling the game, but nothing seems to work. Please help!', '2022-03-15', 'public', 'critical', 'closed', 'Game development', NULL, 1, 72);
INSERT INTO Ticket (id, title, text, createDate, visibility, priority, status, category, frequentItem, creator, replier) VALUES (52, 'Graphic bug in game', 'I noticed a graphic bug in the game where textures are not loading correctly. Can you please look into this issue?', '2023-04-27', 'public', 'medium', 'solved', 'Game development', NULL, 2, 72);
INSERT INTO Ticket (id, title, text, createDate, visibility, priority, status, category, frequentItem, creator, replier) VALUES (53, 'Game lags frequently', 'I am experiencing frequent lags in the game that is affecting my gameplay. Can you please help me resolve this issue?', '2023-04-27', 'public', 'high', 'solved', 'Game development', NULL, 3, 76);
INSERT INTO Ticket (id, title, text, createDate, visibility, priority, status, category, frequentItem, creator, replier) VALUES (54, 'Audio issue in game', 'I am experiencing audio issues in the game where some sounds are not playing. Can you please help me fix this issue?', '2023-04-27', 'public', 'medium', 'open', 'Game development', NULL, 4, 76);
INSERT INTO Ticket (id, title, text, createDate, visibility, priority, status, category, frequentItem, creator, replier) VALUES (55, 'Game freezes during gameplay', 'The game is freezing randomly during gameplay, causing me to lose progress. Can you please help me troubleshoot this issue?', '2023-04-27', 'public', 'high', 'open', 'Game development', NULL, 5, 80);
INSERT INTO Ticket (id, title, text, createDate, visibility, priority, status, category, frequentItem, creator, replier) VALUES (56, 'Request for new game feature', 'I have a suggestion for a new feature that I think would improve the gameplay experience. Can you please consider adding this feature in a future update?', '2023-04-27', 'public', 'low', 'open', 'Game development', NULL, 6, 80);
INSERT INTO Ticket (id, title, text, createDate, visibility, priority, status, category, frequentItem, creator, replier) VALUES (57, 'Game balance issue', 'I think there is an imbalance in the game where some characters or weapons are too powerful compared to others. Can you please look into this issue and make some adjustments?', '2023-04-27', 'public', 'medium', 'open', 'Game development', NULL, 7, 84);
INSERT INTO Ticket (id, title, text, createDate, visibility, priority, status, category, frequentItem, creator, replier) VALUES (58, 'Request for game optimization', 'I am experiencing performance issues with the game where it is not running smoothly on my system. Can you please optimize the game to run better?', '2023-04-27', 'public', 'high', 'new', 'Game development', NULL, 1, NULL);
INSERT INTO Ticket (id, title, text, createDate, visibility, priority, status, category, frequentItem, creator, replier) VALUES (59, 'Texture issue in game', 'I have noticed that the textures in the game are glitching out and not loading properly. This is making it difficult to play the game as the visuals are important. Can you please investigate this issue and provide a fix?', '2022-03-15', 'public', 'high', 'new', 'Game development', NULL, 2, NULL);
INSERT INTO Ticket (id, title, text, createDate, visibility, priority, status, category, frequentItem, creator, replier) VALUES (60, 'Bug in game AI', 'There is a bug in the game AI that is causing the enemies to act erratically and not follow their intended behavior. This is making the game unplayable and frustrating. Can you please look into this and provide a fix as soon as possible?', '2022-03-21', 'public', 'critical', 'new', 'Game development', NULL, 3, NULL);

INSERT INTO Ticket (id, title, text, createDate, visibility, priority, status, category, frequentItem, creator, replier) VALUES (61, 'Request for a new game mode', 'I would like to suggest a new game mode that allows players to compete against each other in a tournament-style format. Please let me know if this is possible.', '2023-04-24', 'public', 'medium', 'closed','Game design', NULL, 6,73);
INSERT INTO Ticket (id, title, text, createDate, visibility, priority, status, category, frequentItem, creator, replier) VALUES (62, 'Suggestions for game improvement', 'I love playing this game, but there are some features that I think could be improved. Can I suggest some ideas for how to make the game even better?', '2022-05-10', 'public', 'medium', 'solved', 'Game design', NULL, 8, 77);
INSERT INTO Ticket (id, title, text, createDate, visibility, priority, status, category, frequentItem, creator, replier) VALUES (63, 'In-game reward system is not motivating enough', 'The current in-game reward system is not motivating enough for players to continue playing. Could the game design team look into ways to improve the rewards system so that players feel more incentivized to keep playing?', '2023-04-27', 'public', 'medium',  'solved','Game design', NULL, 1, 81);
INSERT INTO Ticket (id, title, text, createDate, visibility, priority, status, category, frequentItem, creator, replier) VALUES (64, 'Level progression too slow', 'The rate at which players progress through the levels is too slow. Can the game design team increase the rate of progression or introduce other ways to speed up level progression?', '2023-04-27', 'public', 'high', 'open', 'Game design', NULL, 4, 85);
INSERT INTO Ticket (id, title, text, createDate, visibility, priority, status, category, frequentItem, creator, replier) VALUES (65, 'Certain weapons or abilities are overpowered', 'Certain weapons or abilities in the game are overpowered, making the game unbalanced. Can the game design team look into ways to balance these weapons or abilities to create a more enjoyable gaming experience?', '2023-04-27', 'public', 'high', 'open','Game design', NULL, 2, 88);
INSERT INTO Ticket (id, title, text, createDate, visibility, priority, status, category, frequentItem, creator, replier) VALUES (66, 'Need more diverse character designs', 'The current character designs in the game lack diversity, and players are requesting more diverse character options. Can the game design team add more diverse character designs to the game?', '2023-04-27', 'public', 'medium', 'open','Game design', NULL, 9, 81);
INSERT INTO Ticket (id, title, text, createDate, visibility, priority, status, category, frequentItem, creator, replier) VALUES (67, 'Tutorial is confusing and unclear', 'The game tutorial is confusing and unclear, leaving many players feeling lost and frustrated. Can the game design team improve the tutorial to make it more clear and informative?', '2023-04-27', 'public', 'high','open', 'Game design', NULL, 14, 85);
INSERT INTO Ticket (id, title, text, createDate, visibility, priority, status, category, frequentItem, creator, replier) VALUES (68, 'Map design is too simple', 'The current maps in the game are too simple, leaving players wanting more complexity and variety. Can the game design team look into creating more complex and varied maps for the game?', '2023-04-27', 'public', 'medium', 'new', 'Game design', NULL, 11, NULL);
INSERT INTO Ticket (id, title, text, createDate, visibility, priority, status, category, frequentItem, creator, replier) VALUES (69, 'Game character balance issue', 'I think that one of the characters in the game is overpowered compared to the others, which makes the game unfair. Can you please adjust their stats to make it more balanced?', '2023-04-27', 'public', 'medium', 'new','Game design', NULL, 21, NULL);
INSERT INTO Ticket (id, title, text, createDate, visibility, priority, status, category, frequentItem, creator, replier) VALUES (70, 'Request for a new item', 'I was playing the game and I had an idea for a new item that I think would be really cool. It would be great if you could add it to the game! Can you let me know if this is possible?', '2023-04-27', 'public', 'low', 'new','Game design', NULL, 32, NULL);

INSERT INTO Ticket (id, title, text, createDate, visibility, priority, status, category, frequentItem, creator, replier) VALUES (71, 'Promotion not applying at checkout', 'I am trying to purchase the game with the advertised promotion, but the discount is not applying at checkout. Please help!', '2023-04-27', 'public', 'high', 'closed', 'Marketing and promotions', NULL, 42, 74);
INSERT INTO Ticket (id, title, text, createDate, visibility, priority, status, category, frequentItem, creator, replier) VALUES (72, 'Event page not loading', 'I am trying to access the event page, but it is not loading. Is there an issue with the website?', '2023-04-26', 'public', 'medium', 'solved', 'Marketing and promotions', NULL, 42, 78);
INSERT INTO Ticket (id, title, text, createDate, visibility, priority, status, category, frequentItem, creator, replier) VALUES (73, 'Incorrect description on promotional email', 'I received an email about a promotional offer, but the description in the email does not match the offer on the website. Can you please clarify?', '2023-04-25', 'private', 'high', 'solved', 'Marketing and promotions', NULL, 62, 82);
INSERT INTO Ticket (id, title, text, createDate, visibility, priority, status, category, frequentItem, creator, replier) VALUES (74, 'Missed out on limited-time offer', 'I just saw the limited-time offer on the website, but it already expired. Can you please extend the offer or provide an alternative?', '2023-04-24', 'public', 'high', 'open', 'Marketing and promotions', NULL, 50, 82);
INSERT INTO Ticket (id, title, text, createDate, visibility, priority, status, category, frequentItem, creator, replier) VALUES (75, 'Need help promoting my Twitch channel', 'I am a Twitch streamer and would like to explore partnership opportunities with your company. How can I go about this?', '2023-04-23', 'public', 'low', 'open', 'Marketing and promotions', NULL, 32, 86);
INSERT INTO Ticket (id, title, text, createDate, visibility, priority, status, category, frequentItem, creator, replier) VALUES (76, 'Promotional video not playing', 'I clicked on the promotional video on the website, but it is not playing. Is there a problem with the video or my browser?', '2023-04-22', 'public', 'medium', 'open', 'Marketing and promotions', NULL, 45, 90);
INSERT INTO Ticket (id, title, text, createDate, visibility, priority, status, category, frequentItem, creator, replier) VALUES (77, 'Suggestions for promoting the game on social media', 'I would like to share the game on social media, but am not sure how to do it effectively. Can you please provide some guidance or resources?', '2023-04-21', 'public', 'low', 'open', 'Marketing and promotions', NULL, 28, 86);
INSERT INTO Ticket (id, title, text, createDate, visibility, priority, status, category, frequentItem, creator, replier) VALUES (78, 'Promotional code not working', 'I received a promotional code for 10% off my next purchase, but it is not working at checkout. Can you please help me resolve this issue?', '2023-04-28', 'public', 'high', 'new', 'Marketing and promotions', NULL, 19, NULL);
INSERT INTO Ticket (id, title, text, createDate, visibility, priority, status, category, frequentItem, creator, replier) VALUES (79, 'Request for a new game trailer', 'I am a big fan of your game and I would love to see a new trailer showcasing the latest updates and features. Is it possible to create one? Thanks!', '2023-04-28', 'public', 'medium', 'new', 'Marketing and promotions', NULL, 9, NULL);
INSERT INTO Ticket (id, title, text, createDate, visibility, priority, status, category, frequentItem, creator, replier) VALUES (80, 'Complaint about misleading advertisement', 'I recently saw an advertisement for your game that promised certain features, but when I played the game, those features were not available. This is misleading and I would like to file a complaint. Thank you.', '2023-04-28', 'public', 'critical', 'new', 'Marketing and promotions', NULL, 12, NULL);

INSERT INTO TicketTag (ticket, tag) VALUES (1, '#onlinegamingtips');
INSERT INTO TicketTag (ticket, tag) VALUES (1, '#gamebugs');
INSERT INTO TicketTag (ticket, tag) VALUES (2, '#gameperformance');
INSERT INTO TicketTag (ticket, tag) VALUES (2, '#gaminghardware');
INSERT INTO TicketTag (ticket, tag) VALUES (3, '#gamingissues');
INSERT INTO TicketTag (ticket, tag) VALUES (3, '#multiplayergames');
INSERT INTO TicketTag (ticket, tag) VALUES (4, '#gameperformance');
INSERT INTO TicketTag (ticket, tag) VALUES (4, '#esportsnews');
INSERT INTO TicketTag (ticket, tag) VALUES (5, '#multiplayergames');
INSERT INTO TicketTag (ticket, tag) VALUES (5, '#gameperformance');
INSERT INTO TicketTag (ticket, tag) VALUES (6, '#gamecrashes');
INSERT INTO TicketTag (ticket, tag) VALUES (6, '#gamingsoftware');
INSERT INTO TicketTag (ticket, tag) VALUES (7, '#gamebugs');
INSERT INTO TicketTag (ticket, tag) VALUES (7, '#consolegaming');
INSERT INTO TicketTag (ticket, tag) VALUES (8, '#gameperformance');
INSERT INTO TicketTag (ticket, tag) VALUES (8, '#esportsnews');
INSERT INTO TicketTag (ticket, tag) VALUES (9, '#gamingissues');
INSERT INTO TicketTag (ticket, tag) VALUES (9, '#onlinegamingtips');
INSERT INTO TicketTag (ticket, tag) VALUES (10, '#gamingsoftware');
INSERT INTO TicketTag (ticket, tag) VALUES (10, '#PCgaming');

INSERT INTO TicketTag (ticket, tag) VALUES (11, '#gamebugs');
INSERT INTO TicketTag (ticket, tag) VALUES (11, '#consolegaming');
INSERT INTO TicketTag (ticket, tag) VALUES (12, '#gameplaytips');
INSERT INTO TicketTag (ticket, tag) VALUES (12, '#gamercommunity');
INSERT INTO TicketTag (ticket, tag) VALUES (13, '#gameplaytips');
INSERT INTO TicketTag (ticket, tag) VALUES (13, '#esportsnews');
INSERT INTO TicketTag (ticket, tag) VALUES (14, '#gamingissues');
INSERT INTO TicketTag (ticket, tag) VALUES (14, '#gameplaytips');
INSERT INTO TicketTag (ticket, tag) VALUES (15, '#gamebugs');
INSERT INTO TicketTag (ticket, tag) VALUES (15, '#onlinegamingtips');
INSERT INTO TicketTag (ticket, tag) VALUES (16, '#multiplayergames');
INSERT INTO TicketTag (ticket, tag) VALUES (16, '#gamingissues');
INSERT INTO TicketTag (ticket, tag) VALUES (17, '#gamebugs');
INSERT INTO TicketTag (ticket, tag) VALUES (17, '#consolegaming');
INSERT INTO TicketTag (ticket, tag) VALUES (18, '#gameplaytips');
INSERT INTO TicketTag (ticket, tag) VALUES (18, '#gamercommunity');
INSERT INTO TicketTag (ticket, tag) VALUES (19, '#gamebugs');
INSERT INTO TicketTag (ticket, tag) VALUES (19, '#esportsnews');
INSERT INTO TicketTag (ticket, tag) VALUES (20, '#gamebugs');
INSERT INTO TicketTag (ticket, tag) VALUES (20, '#gamingissues');

INSERT INTO TicketTag (ticket, tag) VALUES (21, '#gamingissues');
INSERT INTO TicketTag (ticket, tag) VALUES (21, '#onlinegamingtips');
INSERT INTO TicketTag (ticket, tag) VALUES (22, '#gamingissues');
INSERT INTO TicketTag (ticket, tag) VALUES (22, '#gameplaytips');
INSERT INTO TicketTag (ticket, tag) VALUES (23, '#gamingissues');
INSERT INTO TicketTag (ticket, tag) VALUES (23, '#gamingsupport');
INSERT INTO TicketTag (ticket, tag) VALUES (24, '#gamerlifestyle');
INSERT INTO TicketTag (ticket, tag) VALUES (24, '#gamingissues');
INSERT INTO TicketTag (ticket, tag) VALUES (25, '#gamingsupport');
INSERT INTO TicketTag (ticket, tag) VALUES (25, '#gamingissues');
INSERT INTO TicketTag (ticket, tag) VALUES (26, '#gamebugs');
INSERT INTO TicketTag (ticket, tag) VALUES (26, '#gamingsupport');
INSERT INTO TicketTag (ticket, tag) VALUES (27, '#gamingissues');
INSERT INTO TicketTag (ticket, tag) VALUES (27, '#gamingsupport');
INSERT INTO TicketTag (ticket, tag) VALUES (28, '#gamingsupport');
INSERT INTO TicketTag (ticket, tag) VALUES (28, '#gamingissues');
INSERT INTO TicketTag (ticket, tag) VALUES (29, '#gamingsupport');
INSERT INTO TicketTag (ticket, tag) VALUES (29, '#gamingissues');
INSERT INTO TicketTag (ticket, tag) VALUES (30, '#gamingissues');
INSERT INTO TicketTag (ticket, tag) VALUES (30, '#gamingsupport');

INSERT INTO TicketTag (ticket, tag) VALUES (31, '#gamercommunity');
INSERT INTO TicketTag (ticket, tag) VALUES (31, '#gamingindustry');
INSERT INTO TicketTag (ticket, tag) VALUES (32, '#gamingsupport');
INSERT INTO TicketTag (ticket, tag) VALUES (32, '#gamercommunity');
INSERT INTO TicketTag (ticket, tag) VALUES (33, '#gamercommunity');
INSERT INTO TicketTag (ticket, tag) VALUES (33, '#onlinegamingtips');
INSERT INTO TicketTag (ticket, tag) VALUES (34, '#gamebugs');
INSERT INTO TicketTag (ticket, tag) VALUES (34, '#gamingsupport');
INSERT INTO TicketTag (ticket, tag) VALUES (35, '#gamingsupport');
INSERT INTO TicketTag (ticket, tag) VALUES (35, '#gamercommunity');
INSERT INTO TicketTag (ticket, tag) VALUES (36, '#gamercommunity');
INSERT INTO TicketTag (ticket, tag) VALUES (36, '#onlinegamingtips');
INSERT INTO TicketTag (ticket, tag) VALUES (37, '#gamercommunity');
INSERT INTO TicketTag (ticket, tag) VALUES (37, '#gamingsupport');
INSERT INTO TicketTag (ticket, tag) VALUES (38, '#gamercommunity');
INSERT INTO TicketTag (ticket, tag) VALUES (38, '#gamingindustry');
INSERT INTO TicketTag (ticket, tag) VALUES (39, '#gamingsupport');
INSERT INTO TicketTag (ticket, tag) VALUES (39, '#gamercommunity');
INSERT INTO TicketTag (ticket, tag) VALUES (40, '#gamingsupport');
INSERT INTO TicketTag (ticket, tag) VALUES (40, '#gamingindustry');

INSERT INTO TicketTag (ticket, tag) VALUES (41, '#esportsnews');
INSERT INTO TicketTag (ticket, tag) VALUES (41, '#gamercommunity');
INSERT INTO TicketTag (ticket, tag) VALUES (42, '#multiplayergames');
INSERT INTO TicketTag (ticket, tag) VALUES (42, '#esportsnews');
INSERT INTO TicketTag (ticket, tag) VALUES (43, '#esportsnews');
INSERT INTO TicketTag (ticket, tag) VALUES (43, '#gamercommunity');
INSERT INTO TicketTag (ticket, tag) VALUES (44, '#esportsnews');
INSERT INTO TicketTag (ticket, tag) VALUES (44, '#gamercommunity');
INSERT INTO TicketTag (ticket, tag) VALUES (45, '#esportsnews');
INSERT INTO TicketTag (ticket, tag) VALUES (45, '#gamercommunity');
INSERT INTO TicketTag (ticket, tag) VALUES (46, '#esportsnews');
INSERT INTO TicketTag (ticket, tag) VALUES (46, '#gamercommunity');
INSERT INTO TicketTag (ticket, tag) VALUES (47, '#esportsnews');
INSERT INTO TicketTag (ticket, tag) VALUES (47, '#gamercommunity');
INSERT INTO TicketTag (ticket, tag) VALUES (48, '#esportsnews');
INSERT INTO TicketTag (ticket, tag) VALUES (48, '#gamercommunity');
INSERT INTO TicketTag (ticket, tag) VALUES (49, '#esportsnews');
INSERT INTO TicketTag (ticket, tag) VALUES (49, '#gamercommunity');
INSERT INTO TicketTag (ticket, tag) VALUES (50, '#esportsnews');
INSERT INTO TicketTag (ticket, tag) VALUES (50, '#gamercommunity');

INSERT INTO TicketTag (ticket, tag) VALUES (51, '#gamecrashes');
INSERT INTO TicketTag (ticket, tag) VALUES (51, '#gamingsoftware');
INSERT INTO TicketTag (ticket, tag) VALUES (51, '#PCgaming');
INSERT INTO TicketTag (ticket, tag) VALUES (52, '#gamebugs');
INSERT INTO TicketTag (ticket, tag) VALUES (52, '#gamingsoftware');
INSERT INTO TicketTag (ticket, tag) VALUES (53, '#gameperformance');
INSERT INTO TicketTag (ticket, tag) VALUES (53, '#gamingsoftware');
INSERT INTO TicketTag (ticket, tag) VALUES (53, '#PCgaming');
INSERT INTO TicketTag (ticket, tag) VALUES (54, '#gameperformance');
INSERT INTO TicketTag (ticket, tag) VALUES (54, '#gamingsoftware');
INSERT INTO TicketTag (ticket, tag) VALUES (55, '#gameperformance');
INSERT INTO TicketTag (ticket, tag) VALUES (55, '#gamingsoftware');
INSERT INTO TicketTag (ticket, tag) VALUES (55, '#PCgaming');
INSERT INTO TicketTag (ticket, tag) VALUES (56, '#gamedevelopment');
INSERT INTO TicketTag (ticket, tag) VALUES (56, '#gamingindustry');
INSERT INTO TicketTag (ticket, tag) VALUES (57, '#gameperformance');
INSERT INTO TicketTag (ticket, tag) VALUES (57, '#gamersuggestions');
INSERT INTO TicketTag (ticket, tag) VALUES (57, '#multiplayergames');
INSERT INTO TicketTag (ticket, tag) VALUES (58, '#gameperformance');
INSERT INTO TicketTag (ticket, tag) VALUES (58, '#gamingindustry');
INSERT INTO TicketTag (ticket, tag) VALUES (59, '#gamebugs');
INSERT INTO TicketTag (ticket, tag) VALUES (59, '#gamingsoftware');
INSERT INTO TicketTag (ticket, tag) VALUES (59, '#PCgaming');
INSERT INTO TicketTag (ticket, tag) VALUES (60, '#gamebugs');
INSERT INTO TicketTag (ticket, tag) VALUES (60, '#gamingsoftware');
INSERT INTO TicketTag (ticket, tag) VALUES (60, '#PCgaming');

INSERT INTO TicketTag (ticket, tag) VALUES (61, '#gameplaytips');
INSERT INTO TicketTag (ticket, tag) VALUES (61, '#gameupdates');
INSERT INTO TicketTag (ticket, tag) VALUES (62, '#gamebugs');
INSERT INTO TicketTag (ticket, tag) VALUES (62, '#gamingperformance');
INSERT INTO TicketTag (ticket, tag) VALUES (63, '#gameperformance');
INSERT INTO TicketTag (ticket, tag) VALUES (63, '#gamingissues');
INSERT INTO TicketTag (ticket, tag) VALUES (64, '#audioissues');
INSERT INTO TicketTag (ticket, tag) VALUES (64, '#gameperformance');
INSERT INTO TicketTag (ticket, tag) VALUES (65, '#gamebugs');
INSERT INTO TicketTag (ticket, tag) VALUES (65, '#gamingissues');
INSERT INTO TicketTag (ticket, tag) VALUES (66, '#gameplaytips');
INSERT INTO TicketTag (ticket, tag) VALUES (66, '#gameupdates');
INSERT INTO TicketTag (ticket, tag) VALUES (67, '#gamebalance');
INSERT INTO TicketTag (ticket, tag) VALUES (67, '#gamingissues');
INSERT INTO TicketTag (ticket, tag) VALUES (68, '#gameoptimization');
INSERT INTO TicketTag (ticket, tag) VALUES (68, '#gameplaytips');
INSERT INTO TicketTag (ticket, tag) VALUES (69, '#gamebalance');
INSERT INTO TicketTag (ticket, tag) VALUES (69, '#gameplaytips');
INSERT INTO TicketTag (ticket, tag) VALUES (70, '#gamebugs');
INSERT INTO TicketTag (ticket, tag) VALUES (70, '#gameplaytips');

INSERT INTO TicketTag (ticket, tag) VALUES (71, '#gamingindustry');
INSERT INTO TicketTag (ticket, tag) VALUES (71, '#gamerscommunity');
INSERT INTO TicketTag (ticket, tag) VALUES (72, '#gamingindustry');
INSERT INTO TicketTag (ticket, tag) VALUES (72, '#gamingsupport');
INSERT INTO TicketTag (ticket, tag) VALUES (73, '#gamingindustry');
INSERT INTO TicketTag (ticket, tag) VALUES (73, '#gamingsupport');
INSERT INTO TicketTag (ticket, tag) VALUES (74, '#gamingindustry');
INSERT INTO TicketTag (ticket, tag) VALUES (74, '#gamingsupport');
INSERT INTO TicketTag (ticket, tag) VALUES (75, '#gamingindustry');
INSERT INTO TicketTag (ticket, tag) VALUES (75, '#gamingsupport');
INSERT INTO TicketTag (ticket, tag) VALUES (76, '#gamercommunity');
INSERT INTO TicketTag (ticket, tag) VALUES (76, '#onlinegamingtips');
INSERT INTO TicketTag (ticket, tag) VALUES (77, '#gamingindustry');
INSERT INTO TicketTag (ticket, tag) VALUES (77, '#gamingsoftware');
INSERT INTO TicketTag (ticket, tag) VALUES (78, '#gamercommunity');
INSERT INTO TicketTag (ticket, tag) VALUES (78, '#onlinegamingtips');
INSERT INTO TicketTag (ticket, tag) VALUES (79, '#gamingindustry');
INSERT INTO TicketTag (ticket, tag) VALUES (79, '#gamingsupport');
INSERT INTO TicketTag (ticket, tag) VALUES (80, '#gamingindustry');
INSERT INTO TicketTag (ticket, tag) VALUES (80, '#gamedevelopment');

INSERT INTO Message (id, text, sent, user, ticket) VALUES
(1, "Thank you for contacting our technical support team. I'm sorry to hear that you're having trouble connecting to the Pokemon GO servers. Can you please tell me more about the issue you're experiencing?", "2023-04-25", 71,1);

INSERT INTO Message (id, text, sent, user, ticket) VALUES
(2, "Yes, whenever I try to connect to the game, it keeps saying that the servers are busy and to try again later. I've been trying for a while now and it still won't let me in.", "2023-04-25", 1, 1);

INSERT INTO Message (id, text, sent, user, ticket) VALUES
(3, "I understand. Can you please try restarting your device and your internet connection, and then try connecting to the game again?", "2023-04-25", 71, 1);


INSERT INTO Message (id, text, sent, user, ticket) VALUES
(4, "Okay, I've tried restarting my phone and my Wi-Fi, but it's still not working.", "2023-04-26", 1, 1);

INSERT INTO Message (id, text, sent, user, ticket) VALUES
(5, "Alright, let's try clearing the cache and data for the Pokemon GO app. This will reset the app to its default settings, but it should solve the issue. Can you please follow these steps: Go to Settings > Apps > Pokemon GO > Storage > Clear Cache and Clear Data?","2023-04-26",71, 1);

INSERT INTO Message (id, text, sent, user, ticket) VALUES
(6, "Okay, I've cleared the cache and data for the app. What should I do now?","2023-04-26", 1, 1);

INSERT INTO Message (id, text, sent, user, ticket) VALUES
(7, "Great! Now try opening the Pokemon GO app again and see if the issue has been resolved.","2023-04-26", 71, 1);
 

INSERT INTO Message (id, text, sent, user, ticket) VALUES
(8, "It's working now! Thank you so much for your help.", "2023-04-26", 1, 1);

INSERT INTO Message (id, text, sent, user, ticket) VALUES
(9, "You're welcome. If you have any other issues or questions, please don't hesitate to contact us again. Have a great day!", "2023-04-27", 71, 1);