INSERT INTO User(userId, name, username, email, password, reputation, type) VALUES (1, 'Geraldine Ellis', 'geraldineellis', 'geraldineellis@example.com', 'p@ssword123', 100, 'client');
INSERT INTO User(userId, name, username, email, password, reputation, type) VALUES (2, 'Liam Crawford', 'liamcrawford', 'liamcrawford@example.com', 'password123', 50, 'client');
INSERT INTO User(userId, name, username, email, password, reputation, type) VALUES (3, 'Avery Green', 'averygreen', 'averygreen@example.com', 'p@ssw0rd', 75, 'client');
INSERT INTO User(userId, name, username, email, password, reputation, type) VALUES (4, 'Emma Williams', 'emmawilliams', 'emmawilliams@example.com', 'w1ll1ams', 90, 'client');
INSERT INTO User(userId, name, username, email, password, reputation, type) VALUES (5, 'Gabriel Brown', 'gabrielbrown', 'gabrielbrown@example.com', 'Br0wnGab!', 60, 'client');
INSERT INTO User(userId, name, username, email, password, reputation, type) VALUES (6, 'Sofia Young', 'sofiayoung', 'sofiayoung@example.com', 'youngS0f1a', 85, 'client');
INSERT INTO User(userId, name, username, email, password, reputation, type) VALUES (7, 'William Edwards', 'williamedwards', 'williamedwards@example.com', 'edwardsWill', 70, 'client');
INSERT INTO User(userId, name, username, email, password, reputation, type) VALUES (8, 'Chloe Rodriguez', 'chloerodriguez', 'chloerodriguez@example.com', 'r0dr1gu3z', 95, 'client');
INSERT INTO User(userId, name, username, email, password, reputation, type) VALUES (9, 'Alexander Baker', 'alexanderbaker', 'alexanderbaker@example.com', 'bakerAlex', 80, 'client');
INSERT INTO User(userId, name, username, email, password, reputation, type) VALUES (10, 'Mia Mitchell', 'miamitchell', 'miamitchell@example.com', 'M!tch3ll', 55, 'client');
INSERT INTO User(userId, name, username, email, password, reputation, type) VALUES (11, 'Henry Davis', 'henrydavis', 'henrydavis@example.com', 'DaV1sH3nry', 100, 'client');
INSERT INTO User(userId, name, username, email, password, reputation, type) VALUES (12, 'Evelyn Lee', 'evelynlee', 'evelynlee@example.com', 'L33Evelyn', 50, 'client');
INSERT INTO User(userId, name, username, email, password, reputation, type) VALUES (13, 'Nicholas Campbell', 'nicholascampbell', 'nicholascampbell@example.com', 'C@mpb3llN1c', 75, 'client');
INSERT INTO User(userId, name, username, email, password, reputation, type) VALUES (14, 'Aria Scott', 'ariascott', 'ariascott@example.com', 'scottAr1a!', 90, 'client');
INSERT INTO User(userId, name, username, email, password, reputation, type) VALUES (15, 'Jacob Johnson', 'jacobjohnson', 'jacobjohnson@example.com', 'johnsonJacob', 60, 'client');
INSERT INTO User(userId, name, username, email, password, reputation, type) VALUES (16, 'Lily White', 'lilywhite', 'lilywhite@example.com', 'Wh1teL1ly', 85, 'client');
INSERT INTO User(userId, name, username, email, password, reputation, type) VALUES (17, 'Ethan Adams', 'ethanadams', 'ethanadams@example.com', 'Adam5Ethan', 70, 'client');
INSERT INTO User(userId, name, username, email, password, reputation, type) VALUES (18, 'Isabella Martin', 'isabellamartin', 'isabellamartin@example.com', 'M@rtin1sa', 95, 'client');
INSERT INTO User(userId, name, username, email, password, reputation, type) VALUES (19, 'James Brown', 'jamesbrown', 'jamesbrown@example.com', 'Br0wnJam3s', 80, 'client');
INSERT INTO User(userId, name, username, email, password, reputation, type) VALUES (20, 'Avery Taylor', 'averytaylor', 'averytaylor@example.com', 'taylorAv3ry', 55, 'client');
INSERT INTO User(userId, name, username, email, password, reputation, type) VALUES (21, "Emma Rodriguez", "emmar", "emmar@email.com", "password123", 90, "client");
INSERT INTO User(userId, name, username, email, password, reputation, type) VALUES (22, "William Garcia", "williamg", "williamg@email.com", "password123", 65, "client");
INSERT INTO User(userId, name, username, email, password, reputation, type) VALUES (23, "Madison Martinez", "madisonm", "madisonm@email.com", "password123", 80, "client");
INSERT INTO User(userId, name, username, email, password, reputation, type) VALUES (24, "James Hernandez", "jamesh", "jamesh@email.com", "password123", 110, "client");
INSERT INTO User(userId, name, username, email, password, reputation, type) VALUES (25, "Mason Moore", "masonm", "masonm@email.com", "password123", 95, "client");
INSERT INTO User(userId, name, username, email, password, reputation, type) VALUES (26, "Avery Lee", "averyl", "averyl@email.com", "password123", 70, "client");
INSERT INTO User(userId, name, username, email, password, reputation, type) VALUES (27, "Evelyn Clark", "evelync", "evelync@email.com", "password123", 85, "client");
INSERT INTO User(userId, name, username, email, password, reputation, type) VALUES (28, "Elijah Perez", "elijahp", "elijahp@email.com", "password123", 105, "client");
INSERT INTO User(userId, name, username, email, password, reputation, type) VALUES (29, "Lillian Young", "lilliany", "lilliany@email.com", "password123", 125, "client");
INSERT INTO User(userId, name, username, email, password, reputation, type) VALUES (30, "Logan Allen", "logana", "logana@email.com", "password123", 55, "client");
INSERT INTO User(userId, name, username, email, password, reputation, type) VALUES (31, "Aria Wright", "ariaw", "ariaw@email.com", "password123", 95, "client");
INSERT INTO User(userId, name, username, email, password, reputation, type) VALUES (32, "Caleb King", "calebk", "calebk@email.com", "password123", 75, "client");
INSERT INTO User(userId, name, username, email, password, reputation, type) VALUES (33, "Abigail Scott", "abigails", "abigails@email.com", "password123", 110, "client");
INSERT INTO User(userId, name, username, email, password, reputation, type) VALUES (34, "Owen Green", "oweng", "oweng@email.com", "password123", 60, "client");
INSERT INTO User(userId, name, username, email, password, reputation, type) VALUES (35, "Amelia Baker", "ameliab", "ameliab@email.com", "password123", 80, "client");
INSERT INTO User(userId, name, username, email, password, reputation, type) VALUES (36, "Luke Adams", "lukea", "lukea@email.com", "password123", 100, "client");
INSERT INTO User(userId, name, username, email, password, reputation, type) VALUES (37, "Harper Nelson", "harpern", "harpern@email.com", "password123", 90, "client");
INSERT INTO User(userId, name, username, email, password, reputation, type) VALUES (38, "Levi Carter", "levic", "levic@email.com", "password123", 85, "client");
INSERT INTO User(userId, name, username, email, password, reputation, type) VALUES (39, "Emily Mitchell", "emilym", "emilym@email.com", "password123", 115, "client");
INSERT INTO User(userId, name, username, email, password, reputation, type) VALUES (40, "Carter Perez", "carterp", "carterp@email.com", "password123", 65, "client");
INSERT INTO User(userId, name, username, email, password, reputation, type) VALUES (41, "Samantha Lee", "samanthalee", "samanthalee@email.com", "password123", 100, "client");
INSERT INTO User(userId, name, username, email, password, reputation, type) VALUES (42, "David Chen", "davidchen", "davidchen@email.com", "password123", 100, "client");
INSERT INTO User(userId, name, username, email, password, reputation, type) VALUES (43, "Maria Rodriguez", "mariarodriguez", "mariarodriguez@email.com", "password123", 100, "client");
INSERT INTO User(userId, name, username, email, password, reputation, type) VALUES (44, "Mohammed Ali", "mohammedali", "mohammedali@email.com", "password123", 100, "client");
INSERT INTO User(userId, name, username, email, password, reputation, type) VALUES (45, "Julia Wang", "juliawang", "juliawang@email.com", "password123", 100, "client");
INSERT INTO User(userId, name, username, email, password, reputation, type) VALUES (46, "Sophia Kim", "sophiakim", "sophiakim@email.com", "password123", 100, "client");
INSERT INTO User(userId, name, username, email, password, reputation, type) VALUES (47, "William Davis", "williamdavis", "williamdavis@email.com", "password123", 100, "client");
INSERT INTO User(userId, name, username, email, password, reputation, type) VALUES (48, "Gabriel Martinez", "gabrielmartinez", "gabrielmartinez@email.com", "password123", 100, "client");
INSERT INTO User(userId, name, username, email, password, reputation, type) VALUES (49, "Emma Johnson", "emmajohnson", "emmajohnson@email.com", "password123", 100, "client");
INSERT INTO User(userId, name, username, email, password, reputation, type) VALUES (50, "Alexander Brown", "alexanderbrown", "alexanderbrown@email.com", "password123", 100, "client");
INSERT INTO User(userId, name, username, email, password, reputation, type) VALUES (51, "Sophie Anderson", "sophieanderson", "sophieanderson@email.com", "password123", 100, "client");
INSERT INTO User(userId, name, username, email, password, reputation, type) VALUES (52, "Hiroshi Nakamura", "hiroshinakamura", "hiroshinakamura@email.com", "password123", 100, "client");
INSERT INTO User(userId, name, username, email, password, reputation, type) VALUES (53, "Laura Garcia", "lauragarcia", "lauragarcia@email.com", "password123", 100, "client");
INSERT INTO User(userId, name, username, email, password, reputation, type) VALUES (54, "Jacob Kim", "jacobkim", "jacobkim@email.com", "password123", 100, "client");
INSERT INTO User(userId, name, username, email, password, reputation, type) VALUES (55, "Mia Davis", "miadavis", "miadavis@email.com", "password123", 100, "client");
INSERT INTO User(userId, name, username, email, password, reputation, type) VALUES (56, "Ethan Nguyen", "ethannguyen", "ethannguyen@email.com", "password123", 100, "client");
INSERT INTO User(userId, name, username, email, password, reputation, type) VALUES (57, "Lily Chen", "lilychen", "lilychen@email.com", "password123", 100, "client");
INSERT INTO User(userId, name, username, email, password, reputation, type) VALUES (58, "Lucas Perez", "lucasperez", "lucasperez@email.com", "password123", 100, "client");
INSERT INTO User(userId, name, username, email, password, reputation, type) VALUES (59, "Ava Wilson", "avawilson", "avawilson@email.com", "password123", 100, "client");
INSERT INTO User(userId, name, username, email, password, reputation, type) VALUES (60, "Nathan Kim", "nathankim", "nathankim@email.com", "password123", 100, "client");
INSERT INTO User(userId, name, username, email, password, reputation, type) VALUES (61, "Ella Hernandez", "ellahernandez", "ellahernandez@email.com", "password123", 50, "client");
INSERT INTO User(userId, name, username, email, password, reputation, type) VALUES (62, "Sebastian Kim", "sebastiankim", "sebastiankim@email.com", "password123", 100, "client");
INSERT INTO User(userId, name, username, email, password, reputation, type) VALUES (63, "Aaliyah Lee", "aaliyahlee", "aaliyahlee@email.com", "password123", 75, "client");
INSERT INTO User(userId, name, username, email, password, reputation, type) VALUES (64, "Maxwell Young", "maxwellyoung", "maxwellyoung@email.com", "password123", 25, "client");
INSERT INTO User(userId, name, username, email, password, reputation, type) VALUES (65, "Hazel Turner", "hazelturner", "hazelturner@email.com", "password123", 50, "client");
INSERT INTO User(userId, name, username, email, password, reputation, type) VALUES (66, "Miles Mitchell", "milesmitchell", "milesmitchell@email.com", "password123", 100, "client");
INSERT INTO User(userId, name, username, email, password, reputation, type) VALUES (67, "Aria Scott", "ariascott", "ariascott@email.com", "password123", 75, "client");
INSERT INTO User(userId, name, username, email, password, reputation, type) VALUES (68, "Samantha Allen", "samanthaallen", "samanthaallen@email.com", "password123", 25, "client");
INSERT INTO User(userId, name, username, email, password, reputation, type) VALUES (69, "Landon Green", "landongreen", "landongreen@email.com", "password123", 50, "client");
INSERT INTO User(userId, name, username, email, password, reputation, type) VALUES (70, "Nora Baker", "norabaker", "norabaker@email.com", "password123", 100, "client");

INSERT INTO User(userId, name, username, email, password, reputation, type) VALUES (71, "Adam Clark", "adamclark", "adamclark@email.com", "password123", 100, "agent");
INSERT INTO User(userId, name, username, email, password, reputation, type) VALUES (72, "Emily Rodriguez", "emilyrodriguez", "emilyrodriguez@email.com", "password123", 75, "agent");
INSERT INTO User(userId, name, username, email, password, reputation, type) VALUES (73, "Benjamin Davis", "benjamindavis", "benjamindavis@email.com", "password123", 25, "agent");
INSERT INTO User(userId, name, username, email, password, reputation, type) VALUES (74, "Olivia Lee", "olivialeee", "olivialeee@email.com", "password123", 50, "agent");
INSERT INTO User(userId, name, username, email, password, reputation, type) VALUES (75, "Henry Martinez", "henrymartinez", "henrymartinez@email.com", "password123", 100, "agent");
INSERT INTO User(userId, name, username, email, password, reputation, type) VALUES (76, "Sophia Hernandez", "sophiahernandez", "sophiahernandez@email.com", "password123", 75, "agent");
INSERT INTO User(userId, name, username, email, password, reputation, type) VALUES (77, "Michael Adams", "michaeladams", "michaeladams@email.com", "password123", 25, "agent");
INSERT INTO User(userId, name, username, email, password, reputation, type) VALUES (78, "Isabella Lewis", "isabellalewis", "isabellalewis@email.com", "password123", 50, "agent");
INSERT INTO User(userId, name, username, email, password, reputation, type) VALUES (79, "William Jackson", "williamjackson", "williamjackson@email.com", "password123", 100, "agent");
INSERT INTO User(userId, name, username, email, password, reputation, type) VALUES (80, "Mia Garcia", "miagarcia", "miagarcia@email.com", "password123", 75, "agent");
INSERT INTO User(userId, name, username, email, password, reputation, type) VALUES (81, "Alexander Nelson", "alexandernelson", "alexandernelson@email.com", "password123", 25, "agent");
INSERT INTO User(userId, name, username, email, password, reputation, type) VALUES (82, "Abigail White", "abigailwhite", "abigailwhite@email.com", "password123", 50, "agent");
INSERT INTO User(userId, name, username, email, password, reputation, type) VALUES (83, "David Gonzalez", "davidgonzalez", "davidgonzalez@email.com", "password123", 100, "agent");
INSERT INTO User(userId, name, username, email, password, reputation, type) VALUES (84, "Victoria Turner", "victoriaturner", "victoriaturner@email.com", "password123", 75, "agent");
INSERT INTO User(userId, name, username, email, password, reputation, type) VALUES (85, "Christopher Parker", "christopherparker", "christopherparker@email.com", "password123", 25, "agent");
INSERT INTO User(userId, name, username, email, password, reputation, type) VALUES (86, "Elizabeth Perez", "elizabethperez", "elizabethperez@email.com", "password123", 50, "agent");
INSERT INTO User(userId, name, username, email, password, reputation, type) VALUES (87, "Daniel Taylor", "danieltaylor", "danieltaylor@email.com", "password123", 100, "agent");
INSERT INTO User(userId, name, username, email, password, reputation, type) VALUES (88, "Evelyn Collins", "evelyncollins", "evelyncollins@email.com", "password123", 75, "agent");
INSERT INTO User(userId, name, username, email, password, reputation, type) VALUES (89, "Matthew Hernandez", "matthewhernandez", "matthewhernandez@email.com", "password123", 25, "agent");
INSERT INTO User(userId, name, username, email, password, reputation, type) VALUES (90, "Sofia Adams", "sofiaadams", "sofiaadams@email.com", "password123", 50, "agent");

INSERT INTO User(userId, name, username, email, password, reputation, type) VALUES (91, "Ethan Cooper", "ethancooper", "ethancooper@email.com", "adminpassword", 100, "admin");
INSERT INTO User(userId, name, username, email, password, reputation, type) VALUES (92, "Avery Jackson", "averyjackson", "averyjackson@email.com", "adminpassword", 120, "admin");
INSERT INTO User(userId, name, username, email, password, reputation, type) VALUES (93, "Evelyn Hill", "evelynhill", "evelynhill@email.com", "adminpassword", 80, "admin");
INSERT INTO User(userId, name, username, email, password, reputation, type) VALUES (94, "Aiden Parker", "aidenparker", "aidenparker@email.com", "adminpassword", 90, "admin");
INSERT INTO User(userId, name, username, email, password, reputation, type) VALUES (95, "Madison Adams", "madisonadams", "madisonadams@email.com", "adminpassword", 110, "admin");
INSERT INTO User(userId, name, username, email, password, reputation, type) VALUES (96, "Oliver Wright", "oliverwright", "oliverwright@email.com", "adminpassword", 150, "admin");
INSERT INTO User(userId, name, username, email, password, reputation, type) VALUES (97, "Brooklyn Lewis", "brooklynlewis", "brooklynlewis@email.com", "adminpassword", 140, "admin");
INSERT INTO User(userId, name, username, email, password, reputation, type) VALUES (98, "Jacob Green", "jacobgreen", "jacobgreen@email.com", "adminpassword", 99, "admin");
INSERT INTO User(userId, name, username, email, password, reputation, type) VALUES (99, "Chloe Hall", "chloehall", "chloehall@email.com", "adminpassword", 99, "admin");
INSERT INTO User(userId, name, username, email, password, reputation, type) VALUES (100, "Mia Davis", "miadavis", "miadavis@email.com", "adminpassword", 100, "admin");

INSERT INTO Department(category) VALUES ('Technical support');
INSERT INTO Department(category) VALUES ('Gameplay issues');
INSERT INTO Department(category) VALUES ('Account and billing');
INSERT INTO Department(category) VALUES ('Community management');
INSERT INTO Department(category) VALUES ('Esports and tournaments');
INSERT INTO Department(category) VALUES ('Game development');
INSERT INTO Department(category) VALUES ('Game design');
INSERT INTO Department(category) VALUES ('Marketing and promotions');

INSERT INTO Priority(priority) VALUES ('critical');
INSERT INTO Priority(priority) VALUES ('high');
INSERT INTO Priority(priority) VALUES ('medium');
INSERT INTO Priority(priority) VALUES ('low');

INSERT INTO Status(status) VALUES ('new');
INSERT INTO Status(status) VALUES ('open');
INSERT INTO Status(status) VALUES ('solved');
INSERT INTO Status(status) VALUES ('closed');

INSERT INTO AgentDepartment (agent, department) VALUES (71, 'Technical support');
INSERT INTO AgentDepartment (agent, department) VALUES (72, 'Gameplay issues');
INSERT INTO AgentDepartment (agent, department) VALUES (73, 'Account and billing');
INSERT INTO AgentDepartment (agent, department) VALUES (74, 'Community management');
INSERT INTO AgentDepartment (agent, department) VALUES (75, 'Esports and tournaments');
INSERT INTO AgentDepartment (agent, department) VALUES (76, 'Game development');
INSERT INTO AgentDepartment (agent, department) VALUES (77, 'Game design');
INSERT INTO AgentDepartment (agent, department) VALUES (78, 'Marketing and promotions');
INSERT INTO AgentDepartment (agent, department) VALUES (79, 'Technical support');
INSERT INTO AgentDepartment (agent, department) VALUES (80, 'Gameplay issues');
INSERT INTO AgentDepartment (agent, department) VALUES (81, 'Account and billing');
INSERT INTO AgentDepartment (agent, department) VALUES (82, 'Community management');
INSERT INTO AgentDepartment (agent, department) VALUES (83, 'Esports and tournaments');
INSERT INTO AgentDepartment (agent, department) VALUES (84, 'Game development');
INSERT INTO AgentDepartment (agent, department) VALUES (85, 'Game design');
INSERT INTO AgentDepartment (agent, department) VALUES (86, 'Marketing and promotions');
INSERT INTO AgentDepartment (agent, department) VALUES (87, 'Technical support');
INSERT INTO AgentDepartment (agent, department) VALUES (88, 'Gameplay issues');
INSERT INTO AgentDepartment (agent, department) VALUES (89, 'Account and billing');
INSERT INTO AgentDepartment (agent, department) VALUES (90, 'Community management');
INSERT INTO AgentDepartment (agent, department) VALUES (76, 'Technical support');
INSERT INTO AgentDepartment (agent, department) VALUES (78, 'Community management');
INSERT INTO AgentDepartment (agent, department) VALUES (80, 'Esports and tournaments');
INSERT INTO AgentDepartment (agent, department) VALUES (82, 'Gameplay issues');
INSERT INTO AgentDepartment (agent, department) VALUES (84, 'Account and billing');
INSERT INTO AgentDepartment (agent, department) VALUES (85, 'Game development');
INSERT INTO AgentDepartment (agent, department) VALUES (87, 'Marketing and promotions');
INSERT INTO AgentDepartment (agent, department) VALUES (89, 'Game design');
INSERT INTO AgentDepartment (agent, department) VALUES (71, 'Account and billing');
INSERT INTO AgentDepartment (agent, department) VALUES (73, 'Technical support');

INSERT INTO Ticket (id, title, text, createDate, visibility, priority, status, category, frequentItem, creator, replier) VALUES (1, 'Pokemon GO connection issue', 'I cannot connect to the Pokemon GO servers. Is anyone else having this issue?', '2023-04-24', 'public', 'high', 'closed', 'Technical support', NULL, 1, 71);
INSERT INTO Ticket (id, title, text, createDate, visibility, priority, status, category, frequentItem, creator, replier) VALUES (2, 'Super Mario Bros. level bug', 'In world 5-2, there is a glitch where Mario gets stuck in the wall. Please fix!', '2023-04-23', 'public', 'medium', 'open', 'Gameplay issues', NULL, 2, 72);
INSERT INTO Ticket (id, title, text, createDate, visibility, priority, status, category, frequentItem, creator, replier) VALUES (3, 'CS:GO frame rate drop', 'My frame rate drops every time I enter a smoke grenade. How do I fix this?', '2023-04-22', 'public', 'high', 'new', 'Technical support', NULL, 3, 73);
INSERT INTO Ticket (id, title, text, createDate, visibility, priority, status, category, frequentItem, creator, replier) VALUES (4, 'League of Legends login issue', 'I cannot log in to League of Legends. It says my account is invalid, but I know my information is correct. Please help!', '2023-04-21', 'public', 'critical', 'solved', 'Account and billing', NULL, 4, 74);
INSERT INTO Ticket (id, title, text, createDate, visibility, priority, status, category, frequentItem, creator, replier) VALUES (5, 'Fortnite multiplayer problem', 'I keep getting disconnected from the Fortnite servers while playing with my friends. Can you help?', '2023-04-20', 'public', 'medium', 'closed', 'Technical support', NULL, 5, 75);
INSERT INTO Ticket (id, title, text, createDate, visibility, priority, status, category, frequentItem, creator, replier) VALUES (6, 'Crash when starting game', 'Whenever I try to start the game, it crashes immediately. I have tried uninstalling and reinstalling, but the issue persists. Any suggestions?', '2022-03-10', 'public', 'high', 'open', 'Technical support', NULL, 2, 76);
INSERT INTO Ticket (id, title, text, createDate, visibility, priority, status, category, frequentItem, creator, replier) VALUES (7, 'Error purchasing in-game currency', 'I tried to purchase in-game currency, but the transaction failed and I was not credited with the currency. However, the payment was still charged to my account. Can you help me resolve this issue?', '2022-04-01', 'public', 'medium', 'open', 'Account and billing', NULL, 3, 77);
INSERT INTO Ticket (id, title, text, createDate, visibility, priority, status, category, frequentItem, creator, replier) VALUES (8, 'Need help with game controls', 'I just started playing this game and I am having trouble with the controls. Is there a tutorial or guide that can help me learn how to play?', '2022-04-15', 'public', 'low', 'open', 'Gameplay issues', NULL, 1, 78);
INSERT INTO Ticket (id, title, text, createDate, visibility, priority, status, category, frequentItem, creator, replier) VALUES (9, 'Missing rewards from game event', 'I participated in a game event and completed all the challenges, but I did not receive the rewards that were promised. Can you help me get the rewards I earned?', '2022-05-01', 'public', 'high', 'open', 'Community management', NULL, 1, 79);
INSERT INTO Ticket (id, title, text, createDate, visibility, priority, status, category, frequentItem, creator, replier) VALUES (10, 'Suggestions for game improvement', 'I love playing this game, but there are some features that I think could be improved. Can I suggest some ideas for how to make the game even better?', '2022-05-10', 'public', 'medium', 'open', 'Game design', NULL, 1, 80);
INSERT INTO Ticket (id, title, text, createDate, visibility, priority, status, category, frequentItem, creator, replier) VALUES (11, 'Super Mario not loading', 'I am having trouble loading Super Mario on my Nintendo Switch. The game gets stuck on the loading screen and I cannot access the game. Can you help me?', '2022-01-01', 'public', 'high', 'open', 'Technical support', NULL, 7, 76);
INSERT INTO Ticket (id, title, text, createDate, visibility, priority, status, category, frequentItem, creator, replier) VALUES (12, 'CS:GO matchmaking issue', 'I am having trouble finding a match in CS:GO. Whenever I search for a game, it takes forever and I cannot find any players. This has been happening for a while now. Can you help me?', '2022-02-02', 'public', 'medium', 'open', 'Gameplay issues', NULL, 5, 73);
INSERT INTO Ticket (id, title, text, createDate, visibility, priority, status, category, frequentItem, creator, replier) VALUES (13, 'Billing issue', 'I have been charged twice for my subscription to World of Warcraft. I only have one account and should only be charged once. Can you refund me for the extra charge?', '2022-03-03', 'private', 'high', 'open', 'Account and billing', NULL, 14, 81);
INSERT INTO Ticket (id, title, text, createDate, visibility, priority, status, category, frequentItem, creator, replier) VALUES (14, 'Overwatch lagging', 'I am experiencing a lot of lag while playing Overwatch. This makes it difficult to aim and play the game. I have tried restarting my computer and internet, but it has not helped. Can you suggest a solution?', '2022-04-04', 'public', 'low', 'open', 'Technical support', NULL, 23, 89);
INSERT INTO Ticket (id, title, text, createDate, visibility, priority, status, category, frequentItem, creator, replier) VALUES (15, 'Gamer tag change', 'I would like to change my gamer tag in Fortnite. How do I do that?', '2022-05-05', 'private', 'medium', 'open', 'Account and billing', NULL, 46, 91);
INSERT INTO Ticket (id, title, text, createDate, visibility, priority, status, category, frequentItem, creator, replier) VALUES (16, 'Super Smash Bros. bug', 'I have found a bug in Super Smash Bros. Whenever I try to use Pikachu''s thunderbolt move, the game crashes. This happens every time I try to use the move. Can you fix it?', '2022-06-06', 'public', 'high', 'open', 'Gameplay issues', NULL, 15, 79);
INSERT INTO Ticket (id, title, text, createDate, visibility, priority, status, category, frequentItem, creator, replier) VALUES (17, 'Overwatch character balance issue', 'I think some characters in Overwatch are overpowered and need to be balanced. Can you look into this?', '2023-04-19', 'public', 'medium', 'open', 'Gameplay issues', NULL, 6, 76);
INSERT INTO Ticket (id, title, text, createDate, visibility, priority, status, category, frequentItem, creator, replier) VALUES (18, 'Payment not going through', "I tried to make a purchase in the game store but my payment isn't going through. What can I do?", '2023-04-18', 'public', 'high', 'open', 'Account and billing', NULL, 7, 77);
INSERT INTO Ticket (id, title, text, createDate, visibility, priority, status, category, frequentItem, creator, replier) VALUES (19, 'Toxic player in chat', "There's a player in the chat who keeps using offensive language and making other players uncomfortable. Can you do something about this?", '2023-04-17', 'public', 'low', 'open', 'Community management', NULL, 8, 78);
INSERT INTO Ticket (id, title, text, createDate, visibility, priority, status, category, frequentItem, creator, replier) VALUES (20, 'Valorant server lag', "I'm experiencing a lot of lag while playing Valorant. Is there something wrong with the servers?", '2023-04-16', 'public', 'medium', 'open', 'Technical support', NULL, 9, 79);
INSERT INTO Ticket (id, title, text, createDate, visibility, priority, status, category, frequentItem, creator, replier) VALUES (21, 'In-game item missing', "I purchased an in-game item but it's not showing up in my inventory. Can you help me?", '2023-04-15', 'public', 'high', 'open', 'Account and billing', NULL, 10, 80);
INSERT INTO Ticket (id, title, text, createDate, visibility, priority, status, category, frequentItem, creator, replier) VALUES (22, 'Overwatch server down', "I can't connect to the Overwatch servers. Is there a problem with them?", '2023-04-14', 'public', 'critical', 'open', 'Technical support', NULL, 11, 81);
INSERT INTO Ticket (id, title, text, createDate, visibility, priority, status, category, frequentItem, creator, replier) VALUES (23, 'Community event suggestion', "I have an idea for a community event that I think would be really fun. Can I suggest it to you?", '2023-04-13', 'public', 'low', 'open', 'Community management', NULL, 12, 82);
INSERT INTO Ticket (id, title, text, createDate, visibility, priority, status, category, frequentItem, creator, replier) VALUES (24, 'Esports tournament registration issue', "I'm trying to register for an esports tournament but it's not letting me. What's going on?", '2023-04-12', 'public', 'medium', 'open', 'Esports and tournaments', NULL, 13, 83);


INSERT INTO TicketTag (ticket, tag) VALUES (1, '#gamingissues');
INSERT INTO TicketTag (ticket, tag) VALUES (1, '#onlinegamingtips');
INSERT INTO TicketTag (ticket, tag) VALUES (2, '#gamebugs');
INSERT INTO TicketTag (ticket, tag) VALUES (2, '#gameplaytips');
INSERT INTO TicketTag (ticket, tag) VALUES (3, '#gameperformance');
INSERT INTO TicketTag (ticket, tag) VALUES (3, '#gaminghardware');
INSERT INTO TicketTag (ticket, tag) VALUES (4, '#gamingsupport');
INSERT INTO TicketTag (ticket, tag) VALUES (4, '#accountandbilling');
INSERT INTO TicketTag (ticket, tag) VALUES (5, '#multiplayergames');
INSERT INTO TicketTag (ticket, tag) VALUES (5, '#gamercommunity');
INSERT INTO TicketTag (ticket, tag) VALUES (6, '#gamecrashes');
INSERT INTO TicketTag (ticket, tag) VALUES (6, '#PCgaming');
INSERT INTO TicketTag (ticket, tag) VALUES (7, '#accountissues');
INSERT INTO TicketTag (ticket, tag) VALUES (7, '#paymentproblems');
INSERT INTO TicketTag (ticket, tag) VALUES (8, '#gameplaytips');
INSERT INTO TicketTag (ticket, tag) VALUES (8, '#tutorial');
INSERT INTO TicketTag (ticket, tag) VALUES (9, '#eventrewards');
INSERT INTO TicketTag (ticket, tag) VALUES (9, '#management');
INSERT INTO TicketTag (ticket, tag) VALUES (10, '#gamesuggestions');
INSERT INTO TicketTag (ticket, tag) VALUES (10, '#gamedesign');
INSERT INTO TicketTag (ticket, tag) VALUES (11, '#gamesuggestions');
INSERT INTO TicketTag (ticket, tag) VALUES (11, '#gamedesign');
INSERT INTO TicketTag (ticket, tag) VALUES (12, '#gamesuggestions');
INSERT INTO TicketTag (ticket, tag) VALUES (12, '#gamedesign');
INSERT INTO TicketTag (ticket, tag) VALUES (13, '#gamesuggestions');
INSERT INTO TicketTag (ticket, tag) VALUES (13, '#gamedesign');
INSERT INTO TicketTag (ticket, tag) VALUES (14, '#gamesuggestions');
INSERT INTO TicketTag (ticket, tag) VALUES (14, '#gamedesign');
INSERT INTO TicketTag (ticket, tag) VALUES (15, '#gamesuggestions');
INSERT INTO TicketTag (ticket, tag) VALUES (15, '#gamedesign');
INSERT INTO TicketTag (ticket, tag) VALUES (16, '#gamesuggestions');
INSERT INTO TicketTag (ticket, tag) VALUES (16, '#gamedesign');
INSERT INTO TicketTag (ticket, tag) VALUES (17, '#gamesuggestions');
INSERT INTO TicketTag (ticket, tag) VALUES (17, '#gamedesign');
INSERT INTO TicketTag (ticket, tag) VALUES (18, '#gamesuggestions');
INSERT INTO TicketTag (ticket, tag) VALUES (18, '#gamedesign');
INSERT INTO TicketTag (ticket, tag) VALUES (19, '#gamesuggestions');
INSERT INTO TicketTag (ticket, tag) VALUES (19, '#gamedesign');
INSERT INTO TicketTag (ticket, tag) VALUES (20, '#gamesuggestions');
INSERT INTO TicketTag (ticket, tag) VALUES (20, '#gamedesign');
INSERT INTO TicketTag (ticket, tag) VALUES (21, '#gamesuggestions');
INSERT INTO TicketTag (ticket, tag) VALUES (21, '#gamedesign');
INSERT INTO TicketTag (ticket, tag) VALUES (22, '#gamesuggestions');
INSERT INTO TicketTag (ticket, tag) VALUES (22, '#gamedesign');
INSERT INTO TicketTag (ticket, tag) VALUES (23, '#gamesuggestions');
INSERT INTO TicketTag (ticket, tag) VALUES (23, '#gamedesign');
INSERT INTO TicketTag (ticket, tag) VALUES (24, '#gamesuggestions');
INSERT INTO TicketTag (ticket, tag) VALUES (24, '#gamedesign');


INSERT INTO Message (id, text, sent, user, ticket) VALUES
(1, "Thank you for contacting our technical support team. I'm sorry to hear that you're having trouble connecting to the Pokemon GO servers. Can you please tell me more about the issue you're experiencing?", "2023-04-25", 71,1);

INSERT INTO Message (id, text, sent, user, ticket) VALUES
(2, "Yes, whenever I try to connect to the game, it keeps saying that the servers are busy and to try again later. I've been trying for a while now and it still won't let me in.", "2023-04-25", 1, 1);

INSERT INTO Message (id, text, sent, user, ticket) VALUES
(3, "I understand. Can you please try restarting your device and your internet connection, and then try connecting to the game again?", "2023-04-25", 71, 1);


INSERT INTO Message (id, text, sent, user, ticket) VALUES
(4, "Okay, I've tried restarting my phone and my Wi-Fi, but it's still not working.", "2023-04-26", 1, 1);

INSERT INTO Message (id, text, sent, user, ticket) VALUES
(5, "Alright, let's try clearing the cache and data for the Pokemon GO app. This will reset the app to its default settings, but it should solve the issue. Can you please follow these steps: Go to Settings > Apps > Pokemon GO > Storage > Clear Cache and Clear Data?","2023-04-26",71, 1);

INSERT INTO Message (id, text, sent, user, ticket) VALUES
(6, "Okay, I've cleared the cache and data for the app. What should I do now?","2023-04-26", 1, 1);

INSERT INTO Message (id, text, sent, user, ticket) VALUES
(7, "Great! Now try opening the Pokemon GO app again and see if the issue has been resolved.","2023-04-26", 71, 1);
 

INSERT INTO Message (id, text, sent, user, ticket) VALUES
(8, "It's working now! Thank you so much for your help.", "2023-04-26", 1, 1);

INSERT INTO Message (id, text, sent, user, ticket) VALUES
(9, "You're welcome. If you have any other issues or questions, please don't hesitate to contact us again. Have a great day!", "2023-04-27", 71, 1);