INSERT INTO User(userId, name, username, email, password, reputation, type) VALUES (1, 'Geraldine Ellis', 'geraldineellis', 'geraldineellis@example.com', 'p@ssword123', '100', 'client');
INSERT INTO User(userId, name, username, email, password, reputation, type) VALUES (2, 'Liam Crawford', 'liamcrawford', 'liamcrawford@example.com', 'password123', '50', 'client');
INSERT INTO User(userId, name, username, email, password, reputation, type) VALUES (3, 'Avery Green', 'averygreen', 'averygreen@example.com', 'p@ssw0rd', '75', 'client');
INSERT INTO User(userId, name, username, email, password, reputation, type) VALUES (4, 'Emma Williams', 'emmawilliams', 'emmawilliams@example.com', 'w1ll1ams', '90', 'client');
INSERT INTO User(userId, name, username, email, password, reputation, type) VALUES (5, 'Gabriel Brown', 'gabrielbrown', 'gabrielbrown@example.com', 'Br0wnGab!', '60', 'client');
INSERT INTO User(userId, name, username, email, password, reputation, type) VALUES (6, 'Sofia Young', 'sofiayoung', 'sofiayoung@example.com', 'youngS0f1a', '85', 'client');
INSERT INTO User(userId, name, username, email, password, reputation, type) VALUES (7, 'William Edwards', 'williamedwards', 'williamedwards@example.com', 'edwardsWill', '70', 'client');
INSERT INTO User(userId, name, username, email, password, reputation, type) VALUES (8, 'Chloe Rodriguez', 'chloerodriguez', 'chloerodriguez@example.com', 'r0dr1gu3z', '95', 'client');
INSERT INTO User(userId, name, username, email, password, reputation, type) VALUES (9, 'Alexander Baker', 'alexanderbaker', 'alexanderbaker@example.com', 'bakerAlex', '80', 'client');
INSERT INTO User(userId, name, username, email, password, reputation, type) VALUES (10, 'Mia Mitchell', 'miamitchell', 'miamitchell@example.com', 'M!tch3ll', '55', 'client');
INSERT INTO User(userId, name, username, email, password, reputation, type) VALUES (11, 'Henry Davis', 'henrydavis', 'henrydavis@example.com', 'DaV1sH3nry', '100', 'client');
INSERT INTO User(userId, name, username, email, password, reputation, type) VALUES (12, 'Evelyn Lee', 'evelynlee', 'evelynlee@example.com', 'L33Evelyn', '50', 'client');
INSERT INTO User(userId, name, username, email, password, reputation, type) VALUES (13, 'Nicholas Campbell', 'nicholascampbell', 'nicholascampbell@example.com', 'C@mpb3llN1c', '75', 'client');
INSERT INTO User(userId, name, username, email, password, reputation, type) VALUES (14, 'Aria Scott', 'ariascott', 'ariascott@example.com', 'scottAr1a!', '90', 'client');
INSERT INTO User(userId, name, username, email, password, reputation, type) VALUES (15, 'Jacob Johnson', 'jacobjohnson', 'jacobjohnson@example.com', 'johnsonJacob', '60', 'client');
INSERT INTO User(userId, name, username, email, password, reputation, type) VALUES (16, 'Lily White', 'lilywhite', 'lilywhite@example.com', 'Wh1teL1ly', '85', 'client');
INSERT INTO User(userId, name, username, email, password, reputation, type) VALUES (17, 'Ethan Adams', 'ethanadams', 'ethanadams@example.com', 'Adam5Ethan', '70', 'client');
INSERT INTO User(userId, name, username, email, password, reputation, type) VALUES (18, 'Isabella Martin', 'isabellamartin', 'isabellamartin@example.com', 'M@rtin1sa', '95', 'client');
INSERT INTO User(userId, name, username, email, password, reputation, type) VALUES (19, 'James Brown', 'jamesbrown', 'jamesbrown@example.com', 'Br0wnJam3s', '80', 'client');
INSERT INTO User(userId, name, username, email, password, reputation, type) VALUES (20, 'Avery Taylor', 'averytaylor', 'averytaylor@example.com', 'taylorAv3ry', '55', 'client');
INSERT INTO User(userId, name, username, email, password, reputation, type) VALUES (21, "Emma Rodriguez", "emmar", "emmar@email.com", "password123", "90", "client");
INSERT INTO User(userId, name, username, email, password, reputation, type) VALUES (22, "William Garcia", "williamg", "williamg@email.com", "password123", "65", "client");
INSERT INTO User(userId, name, username, email, password, reputation, type) VALUES (23, "Madison Martinez", "madisonm", "madisonm@email.com", "password123", "80", "client");
INSERT INTO User(userId, name, username, email, password, reputation, type) VALUES (24, "James Hernandez", "jamesh", "jamesh@email.com", "password123", "110", "client");
INSERT INTO User(userId, name, username, email, password, reputation, type) VALUES (25, "Mason Moore", "masonm", "masonm@email.com", "password123", "95", "client");
INSERT INTO User(userId, name, username, email, password, reputation, type) VALUES (26, "Avery Lee", "averyl", "averyl@email.com", "password123", "70", "client");
INSERT INTO User(userId, name, username, email, password, reputation, type) VALUES (27, "Evelyn Clark", "evelync", "evelync@email.com", "password123", "85", "client");
INSERT INTO User(userId, name, username, email, password, reputation, type) VALUES (28, "Elijah Perez", "elijahp", "elijahp@email.com", "password123", "105", "client");
INSERT INTO User(userId, name, username, email, password, reputation, type) VALUES (29, "Lillian Young", "lilliany", "lilliany@email.com", "password123", "125", "client");
INSERT INTO User(userId, name, username, email, password, reputation, type) VALUES (30, "Logan Allen", "logana", "logana@email.com", "password123", "55", "client");
INSERT INTO User(userId, name, username, email, password, reputation, type) VALUES (31, "Aria Wright", "ariaw", "ariaw@email.com", "password123", "95", "client");
INSERT INTO User(userId, name, username, email, password, reputation, type) VALUES (32, "Caleb King", "calebk", "calebk@email.com", "password123", "75", "client");
INSERT INTO User(userId, name, username, email, password, reputation, type) VALUES (33, "Abigail Scott", "abigails", "abigails@email.com", "password123", "110", "client");
INSERT INTO User(userId, name, username, email, password, reputation, type) VALUES (34, "Owen Green", "oweng", "oweng@email.com", "password123", "60", "client");
INSERT INTO User(userId, name, username, email, password, reputation, type) VALUES (35, "Amelia Baker", "ameliab", "ameliab@email.com", "password123", "80", "client");
INSERT INTO User(userId, name, username, email, password, reputation, type) VALUES (36, "Luke Adams", "lukea", "lukea@email.com", "password123", "100", "client");
INSERT INTO User(userId, name, username, email, password, reputation, type) VALUES (37, "Harper Nelson", "harpern", "harpern@email.com", "password123", "90", "client");
INSERT INTO User(userId, name, username, email, password, reputation, type) VALUES (38, "Levi Carter", "levic", "levic@email.com", "password123", "85", "client");
INSERT INTO User(userId, name, username, email, password, reputation, type) VALUES (39, "Emily Mitchell", "emilym", "emilym@email.com", "password123", "115", "client");
INSERT INTO User(userId, name, username, email, password, reputation, type) VALUES (40, "Carter Perez", "carterp", "carterp@email.com", "password123", "65", "client");
INSERT INTO User(userId, name, username, email, password, reputation, type) VALUES (41, "Samantha Lee", "samanthalee", "samanthalee@email.com", "password123", "100", "client");
INSERT INTO User(userId, name, username, email, password, reputation, type) VALUES (42, "David Chen", "davidchen", "davidchen@email.com", "password123", "100", "client");
INSERT INTO User(userId, name, username, email, password, reputation, type) VALUES (43, "Maria Rodriguez", "mariarodriguez", "mariarodriguez@email.com", "password123", "100", "client");
INSERT INTO User(userId, name, username, email, password, reputation, type) VALUES (44, "Mohammed Ali", "mohammedali", "mohammedali@email.com", "password123", "100", "client");
INSERT INTO User(userId, name, username, email, password, reputation, type) VALUES (45, "Julia Wang", "juliawang", "juliawang@email.com", "password123", "100", "client");
INSERT INTO User(userId, name, username, email, password, reputation, type) VALUES (46, "Sophia Kim", "sophiakim", "sophiakim@email.com", "password123", "100", "client");
INSERT INTO User(userId, name, username, email, password, reputation, type) VALUES (47, "William Davis", "williamdavis", "williamdavis@email.com", "password123", "100", "client");
INSERT INTO User(userId, name, username, email, password, reputation, type) VALUES (48, "Gabriel Martinez", "gabrielmartinez", "gabrielmartinez@email.com", "password123", "100", "client");
INSERT INTO User(userId, name, username, email, password, reputation, type) VALUES (49, "Emma Johnson", "emmajohnson", "emmajohnson@email.com", "password123", "100", "client");
INSERT INTO User(userId, name, username, email, password, reputation, type) VALUES (50, "Alexander Brown", "alexanderbrown", "alexanderbrown@email.com", "password123", "100", "client");
INSERT INTO User(userId, name, username, email, password, reputation, type) VALUES (51, "Sophie Anderson", "sophieanderson", "sophieanderson@email.com", "password123", "100", "client");
INSERT INTO User(userId, name, username, email, password, reputation, type) VALUES (52, "Hiroshi Nakamura", "hiroshinakamura", "hiroshinakamura@email.com", "password123", "100", "client");
INSERT INTO User(userId, name, username, email, password, reputation, type) VALUES (53, "Laura Garcia", "lauragarcia", "lauragarcia@email.com", "password123", "100", "client");
INSERT INTO User(userId, name, username, email, password, reputation, type) VALUES (54, "Jacob Kim", "jacobkim", "jacobkim@email.com", "password123", "100", "client");
INSERT INTO User(userId, name, username, email, password, reputation, type) VALUES (55, "Mia Davis", "miadavis", "miadavis@email.com", "password123", "100", "client");
INSERT INTO User(userId, name, username, email, password, reputation, type) VALUES (56, "Ethan Nguyen", "ethannguyen", "ethannguyen@email.com", "password123", "100", "client");
INSERT INTO User(userId, name, username, email, password, reputation, type) VALUES (57, "Lily Chen", "lilychen", "lilychen@email.com", "password123", "100", "client");
INSERT INTO User(userId, name, username, email, password, reputation, type) VALUES (58, "Lucas Perez", "lucasperez", "lucasperez@email.com", "password123", "100", "client");
INSERT INTO User(userId, name, username, email, password, reputation, type) VALUES (59, "Ava Wilson", "avawilson", "avawilson@email.com", "password123", "100", "client");
INSERT INTO User(userId, name, username, email, password, reputation, type) VALUES (60, "Nathan Kim", "nathankim", "nathankim@email.com", "password123", "100", "client");
INSERT INTO User(userId, name, username, email, password, reputation, type) VALUES (61, "Ella Hernandez", "ellahernandez", "ellahernandez@email.com", "password123", "50", "client");
INSERT INTO User(userId, name, username, email, password, reputation, type) VALUES (62, "Sebastian Kim", "sebastiankim", "sebastiankim@email.com", "password123", "100", "client");
INSERT INTO User(userId, name, username, email, password, reputation, type) VALUES (63, "Aaliyah Lee", "aaliyahlee", "aaliyahlee@email.com", "password123", "75", "client");
INSERT INTO User(userId, name, username, email, password, reputation, type) VALUES (64, "Maxwell Young", "maxwellyoung", "maxwellyoung@email.com", "password123", "25", "client");
INSERT INTO User(userId, name, username, email, password, reputation, type) VALUES (65, "Hazel Turner", "hazelturner", "hazelturner@email.com", "password123", "50", "client");
INSERT INTO User(userId, name, username, email, password, reputation, type) VALUES (66, "Miles Mitchell", "milesmitchell", "milesmitchell@email.com", "password123", "100", "client");
INSERT INTO User(userId, name, username, email, password, reputation, type) VALUES (67, "Aria Scott", "ariascott", "ariascott@email.com", "password123", "75", "client");
INSERT INTO User(userId, name, username, email, password, reputation, type) VALUES (68, "Samantha Allen", "samanthaallen", "samanthaallen@email.com", "password123", "25", "client");
INSERT INTO User(userId, name, username, email, password, reputation, type) VALUES (69, "Landon Green", "landongreen", "landongreen@email.com", "password123", "50", "client");
INSERT INTO User(userId, name, username, email, password, reputation, type) VALUES (70, "Nora Baker", "norabaker", "norabaker@email.com", "password123", "100", "client");

INSERT INTO User(userId, name, username, email, password, reputation, type) VALUES (71, "Adam Clark", "adamclark", "adamclark@email.com", "password123", "100", "agent");
INSERT INTO User(userId, name, username, email, password, reputation, type) VALUES (72, "Emily Rodriguez", "emilyrodriguez", "emilyrodriguez@email.com", "password123", "75", "agent");
INSERT INTO User(userId, name, username, email, password, reputation, type) VALUES (73, "Benjamin Davis", "benjamindavis", "benjamindavis@email.com", "password123", "25", "agent");
INSERT INTO User(userId, name, username, email, password, reputation, type) VALUES (74, "Olivia Lee", "olivialeee", "olivialeee@email.com", "password123", "50", "agent");
INSERT INTO User(userId, name, username, email, password, reputation, type) VALUES (75, "Henry Martinez", "henrymartinez", "henrymartinez@email.com", "password123", "100", "agent");
INSERT INTO User(userId, name, username, email, password, reputation, type) VALUES (76, "Sophia Hernandez", "sophiahernandez", "sophiahernandez@email.com", "password123", "75", "agent");
INSERT INTO User(userId, name, username, email, password, reputation, type) VALUES (77, "Michael Adams", "michaeladams", "michaeladams@email.com", "password123", "25", "agent");
INSERT INTO User(userId, name, username, email, password, reputation, type) VALUES (78, "Isabella Lewis", "isabellalewis", "isabellalewis@email.com", "password123", "50", "agent");
INSERT INTO User(userId, name, username, email, password, reputation, type) VALUES (79, "William Jackson", "williamjackson", "williamjackson@email.com", "password123", "100", "agent");
INSERT INTO User(userId, name, username, email, password, reputation, type) VALUES (80, "Mia Garcia", "miagarcia", "miagarcia@email.com", "password123", "75", "agent");
INSERT INTO User(userId, name, username, email, password, reputation, type) VALUES (81, "Alexander Nelson", "alexandernelson", "alexandernelson@email.com", "password123", "25", "agent");
INSERT INTO User(userId, name, username, email, password, reputation, type) VALUES (82, "Abigail White", "abigailwhite", "abigailwhite@email.com", "password123", "50", "agent");
INSERT INTO User(userId, name, username, email, password, reputation, type) VALUES (83, "David Gonzalez", "davidgonzalez", "davidgonzalez@email.com", "password123", "100", "agent");
INSERT INTO User(userId, name, username, email, password, reputation, type) VALUES (84, "Victoria Turner", "victoriaturner", "victoriaturner@email.com", "password123", "75", "agent");
INSERT INTO User(userId, name, username, email, password, reputation, type) VALUES (85, "Christopher Parker", "christopherparker", "christopherparker@email.com", "password123", "25", "agent");
INSERT INTO User(userId, name, username, email, password, reputation, type) VALUES (86, "Elizabeth Perez", "elizabethperez", "elizabethperez@email.com", "password123", "50", "agent");
INSERT INTO User(userId, name, username, email, password, reputation, type) VALUES (87, "Daniel Taylor", "danieltaylor", "danieltaylor@email.com", "password123", "100", "agent");
INSERT INTO User(userId, name, username, email, password, reputation, type) VALUES (88, "Evelyn Collins", "evelyncollins", "evelyncollins@email.com", "password123", "75", "agent");
INSERT INTO User(userId, name, username, email, password, reputation, type) VALUES (89, "Matthew Hernandez", "matthewhernandez", "matthewhernandez@email.com", "password123", "25", "agent");
INSERT INTO User(userId, name, username, email, password, reputation, type) VALUES (90, "Sofia Adams", "sofiaadams", "sofiaadams@email.com", "password123", "50", "agent");

INSERT INTO User(userId, name, username, email, password, reputation, type) VALUES (91, "Ethan Cooper", "ethancooper", "ethancooper@email.com", "adminpassword", "1000", "admin");
INSERT INTO User(userId, name, username, email, password, reputation, type) VALUES (92, "Avery Jackson", "averyjackson", "averyjackson@email.com", "adminpassword", "1200", "admin");
INSERT INTO User(userId, name, username, email, password, reputation, type) VALUES (93, "Evelyn Hill", "evelynhill", "evelynhill@email.com", "adminpassword", "800", "admin");
INSERT INTO User(userId, name, username, email, password, reputation, type) VALUES (94, "Aiden Parker", "aidenparker", "aidenparker@email.com", "adminpassword", "900", "admin");
INSERT INTO User(userId, name, username, email, password, reputation, type) VALUES (95, "Madison Adams", "madisonadams", "madisonadams@email.com", "adminpassword", "1100", "admin");
INSERT INTO User(userId, name, username, email, password, reputation, type) VALUES (96, "Oliver Wright", "oliverwright", "oliverwright@email.com", "adminpassword", "1500", "admin");
INSERT INTO User(userId, name, username, email, password, reputation, type) VALUES (97, "Brooklyn Lewis", "brooklynlewis", "brooklynlewis@email.com", "adminpassword", "1400", "admin");
INSERT INTO User(userId, name, username, email, password, reputation, type) VALUES (98, "Jacob Green", "jacobgreen", "jacobgreen@email.com", "adminpassword", "1300", "admin");
INSERT INTO User(userId, name, username, email, password, reputation, type) VALUES (99, "Chloe Hall", "chloehall", "chloehall@email.com", "adminpassword", "90", "admin");
INSERT INTO User(userId, name, username, email, password, reputation, type) VALUES (100, "Mia Davis", "miadavis", "miadavis@email.com", "adminpassword", "1600", "admin");

INSERT INTO Hashtag(tag) VALUES ("#gamingissues");
INSERT INTO Hashtag(tag) VALUES ("#gamebugs");
INSERT INTO Hashtag(tag) VALUES ("#gamecrashes");
INSERT INTO Hashtag(tag) VALUES ("#gameperformance");
INSERT INTO Hashtag(tag) VALUES ("#gameplaytips");
INSERT INTO Hashtag(tag) VALUES ("#gamercommunity");
INSERT INTO Hashtag(tag) VALUES ("#esportsnews");
INSERT INTO Hashtag(tag) VALUES ("#onlinegamingtips");
INSERT INTO Hashtag(tag) VALUES ("#gaminghardware");
INSERT INTO Hashtag(tag) VALUES ("#gamingsoftware");
INSERT INTO Hashtag(tag) VALUES ("#gamingsupport");
INSERT INTO Hashtag(tag) VALUES ("#multiplayergames");
INSERT INTO Hashtag(tag) VALUES ("#PCgaming");
INSERT INTO Hashtag(tag) VALUES ("#consolegaming");
INSERT INTO Hashtag(tag) VALUES ("#gamerlifestyle");
INSERT INTO Hashtag(tag) VALUES ("#gamingindustry");
INSERT INTO Hashtag(tag) VALUES ("#gameupdates");
INSERT INTO Hashtag(tag) VALUES ("#gamedevelopment");

INSERT INTO Department(category) VALUES ('Technical support');
INSERT INTO Department(category) VALUES ('Gameplay issues');
INSERT INTO Department(category) VALUES ('Account and billing');
INSERT INTO Department(category) VALUES ('Community management');
INSERT INTO Department(category) VALUES ('Esports and tournaments');
INSERT INTO Department(category) VALUES ('Game development');
INSERT INTO Department(category) VALUES ('Game design');
INSERT INTO Department(category) VALUES ('Marketing and promotions');

INSERT INTO Priority(priority) VALUES ('critical');
INSERT INTO Priority(priority) VALUES ('high');
INSERT INTO Priority(priority) VALUES ('medium');
INSERT INTO Priority(priority) VALUES ('low');

INSERT INTO Status(status) VALUES ('open');
INSERT INTO Status(status) VALUES ('solved');
INSERT INTO Status(status) VALUES ('closed');

INSERT INTO AgentDepartment (agent, department) VALUES (71, 'Technical support');
INSERT INTO AgentDepartment (agent, department) VALUES (72, 'Gameplay issues');
INSERT INTO AgentDepartment (agent, department) VALUES (73, 'Account and billing');
INSERT INTO AgentDepartment (agent, department) VALUES (74, 'Community management');
INSERT INTO AgentDepartment (agent, department) VALUES (75, 'Esports and tournaments');
INSERT INTO AgentDepartment (agent, department) VALUES (76, 'Game development');
INSERT INTO AgentDepartment (agent, department) VALUES (77, 'Game design');
INSERT INTO AgentDepartment (agent, department) VALUES (78, 'Marketing and promotions');
INSERT INTO AgentDepartment (agent, department) VALUES (79, 'Technical support');
INSERT INTO AgentDepartment (agent, department) VALUES (80, 'Gameplay issues');
INSERT INTO AgentDepartment (agent, department) VALUES (81, 'Account and billing');
INSERT INTO AgentDepartment (agent, department) VALUES (82, 'Community management');
INSERT INTO AgentDepartment (agent, department) VALUES (83, 'Esports and tournaments');
INSERT INTO AgentDepartment (agent, department) VALUES (84, 'Game development');
INSERT INTO AgentDepartment (agent, department) VALUES (85, 'Game design');
INSERT INTO AgentDepartment (agent, department) VALUES (86, 'Marketing and promotions');
INSERT INTO AgentDepartment (agent, department) VALUES (87, 'Technical support');
INSERT INTO AgentDepartment (agent, department) VALUES (88, 'Gameplay issues');
INSERT INTO AgentDepartment (agent, department) VALUES (89, 'Account and billing');
INSERT INTO AgentDepartment (agent, department) VALUES (90, 'Community management');
INSERT INTO AgentDepartment (agent, department) VALUES (76, 'Technical support');
INSERT INTO AgentDepartment (agent, department) VALUES (78, 'Community management');
INSERT INTO AgentDepartment (agent, department) VALUES (80, 'Esports and tournaments');
INSERT INTO AgentDepartment (agent, department) VALUES (82, 'Gameplay issues');
INSERT INTO AgentDepartment (agent, department) VALUES (84, 'Account and billing');
INSERT INTO AgentDepartment (agent, department) VALUES (85, 'Game development');
INSERT INTO AgentDepartment (agent, department) VALUES (87, 'Marketing and promotions');
INSERT INTO AgentDepartment (agent, department) VALUES (89, 'Game design');
INSERT INTO AgentDepartment (agent, department) VALUES (71, 'Account and billing');
INSERT INTO AgentDepartment (agent, department) VALUES (73, 'Technical support');
